Initialized native services in: /Users/tolu/.gradle/native
Initialized jansi services in: /Users/tolu/.gradle/native
Removing 0 daemon stop events from registry
Starting a Gradle Daemon, 2 busy Daemons could not be reused, use --status for details
Starting process 'Gradle build daemon'. Working directory: /Users/tolu/.gradle/daemon/8.14.3 Command: /Library/Java/JavaVirtualMachines/zulu-17.jdk/Contents/Home/bin/java --add-opens=java.base/java.lang=ALL-UNNAMED --add-opens=java.base/java.lang.invoke=ALL-UNNAMED --add-opens=java.base/java.util=ALL-UNNAMED --add-opens=java.prefs/java.util.prefs=ALL-UNNAMED --add-exports=jdk.compiler/com.sun.tools.javac.api=ALL-UNNAMED --add-exports=jdk.compiler/com.sun.tools.javac.util=ALL-UNNAMED --add-opens=java.base/java.util=ALL-UNNAMED --add-opens=java.prefs/java.util.prefs=ALL-UNNAMED --add-opens=java.base/java.nio.charset=ALL-UNNAMED --add-opens=java.base/java.net=ALL-UNNAMED --add-opens=java.base/java.util.concurrent.atomic=ALL-UNNAMED --add-opens=java.xml/javax.xml.namespace=ALL-UNNAMED -Xmx2048m -Dfile.encoding=UTF-8 -Duser.country=NG -Duser.language=en -Duser.variant -cp /Users/tolu/.gradle/wrapper/dists/gradle-8.14.3-bin/7dp0iya3qmuh3503nf1hbp1o5/gradle-8.14.3/lib/gradle-daemon-main-8.14.3.jar -javaagent:/Users/tolu/.gradle/wrapper/dists/gradle-8.14.3-bin/7dp0iya3qmuh3503nf1hbp1o5/gradle-8.14.3/lib/agents/gradle-instrumentation-agent-8.14.3.jar org.gradle.launcher.daemon.bootstrap.GradleDaemon 8.14.3
Successfully started process 'Gradle build daemon'
An attempt to start the daemon took 1.224 secs.
The client will now receive all logging from the daemon (pid: 15523). The daemon log file: /Users/tolu/.gradle/daemon/8.14.3/daemon-15523.out.log
Starting build in new daemon [memory: 2 GiB]
Using 8 worker leases.
Received JVM installation metadata from '/Library/Java/JavaVirtualMachines/zulu-17.jdk/Contents/Home': {JAVA_HOME=/Library/Java/JavaVirtualMachines/zulu-17.jdk/Contents/Home, JAVA_VERSION=17.0.17, JAVA_VENDOR=Azul Systems, Inc., RUNTIME_NAME=OpenJDK Runtime Environment, RUNTIME_VERSION=17.0.17+10-LTS, VM_NAME=OpenJDK 64-Bit Server VM, VM_VERSION=17.0.17+10-LTS, VM_VENDOR=Azul Systems, Inc., OS_ARCH=x86_64}
Watching the file system is configured to be enabled if available
Now considering [/Users/tolu/Downloads/android-dpc] as hierarchies to watch
File system watching is active
Starting Build
Settings evaluated using settings file '/Users/tolu/Downloads/android-dpc/settings.gradle'.
Projects loaded. Root project using build file '/Users/tolu/Downloads/android-dpc/build.gradle'.
Included projects: [root project 'DPC', project ':app']

> Configure project :
Evaluating root project 'DPC' using build file '/Users/tolu/Downloads/android-dpc/build.gradle'.
Caching disabled for Groovy DSL script compilation (cp_proj) because:
  Build cache is disabled
  Not worth caching.
Compiling build file '/Users/tolu/Downloads/android-dpc/build.gradle' using SubsetScriptTransformer.
Downloading https://dl.google.com/dl/android/maven2/com/android/application/com.android.application.gradle.plugin/8.7.0/com.android.application.gradle.plugin-8.7.0.pom to /Users/tolu/.gradle/.tmp/gradle_download16099898959517264755bin
Resource missing. [HTTP HEAD: https://dl.google.com/dl/android/maven2/com/android/application/com.android.application.gradle.plugin/8.7.0/com.android.application.gradle.plugin-8.7.0.jar]
Resolved plugin [id: 'com.android.application', version: '8.7.0', apply: false]
Resource missing. [HTTP GET: https://dl.google.com/dl/android/maven2/org/jetbrains/kotlin/android/org.jetbrains.kotlin.android.gradle.plugin/2.0.21/org.jetbrains.kotlin.android.gradle.plugin-2.0.21.pom]
Downloading https://repo.maven.apache.org/maven2/org/jetbrains/kotlin/android/org.jetbrains.kotlin.android.gradle.plugin/2.0.21/org.jetbrains.kotlin.android.gradle.plugin-2.0.21.pom to /Users/tolu/.gradle/.tmp/gradle_download14704057109795085273bin
Resource missing. [HTTP HEAD: https://repo.maven.apache.org/maven2/org/jetbrains/kotlin/android/org.jetbrains.kotlin.android.gradle.plugin/2.0.21/org.jetbrains.kotlin.android.gradle.plugin-2.0.21.jar]
Resolved plugin [id: 'org.jetbrains.kotlin.android', version: '2.0.21', apply: false]
Downloading https://dl.google.com/dl/android/maven2/com/android/tools/build/gradle/8.7.0/gradle-8.7.0.pom to /Users/tolu/.gradle/.tmp/gradle_download11823219329445059288bin
Downloading https://dl.google.com/dl/android/maven2/com/android/tools/build/gradle/8.7.0/gradle-8.7.0.module to /Users/tolu/.gradle/.tmp/gradle_download14297525648895369037bin
Resource missing. [HTTP GET: https://dl.google.com/dl/android/maven2/org/jetbrains/kotlin/kotlin-gradle-plugin/2.0.21/kotlin-gradle-plugin-2.0.21.pom]
Downloading https://repo.maven.apache.org/maven2/org/jetbrains/kotlin/kotlin-gradle-plugin/2.0.21/kotlin-gradle-plugin-2.0.21.pom to /Users/tolu/.gradle/.tmp/gradle_download17623813418464451070bin
Resource missing. [HTTP GET: https://dl.google.com/dl/android/maven2/org/jetbrains/kotlin/kotlin-gradle-plugins-bom/2.0.21/kotlin-gradle-plugins-bom-2.0.21.pom]
Downloading https://repo.maven.apache.org/maven2/org/jetbrains/kotlin/kotlin-gradle-plugins-bom/2.0.21/kotlin-gradle-plugins-bom-2.0.21.pom to /Users/tolu/.gradle/.tmp/gradle_download15304813952448830193bin
Downloading https://repo.maven.apache.org/maven2/org/jetbrains/kotlin/kotlin-gradle-plugins-bom/2.0.21/kotlin-gradle-plugins-bom-2.0.21.module to /Users/tolu/.gradle/.tmp/gradle_download10611758531548888197bin
Downloading https://repo.maven.apache.org/maven2/org/jetbrains/kotlin/kotlin-gradle-plugin/2.0.21/kotlin-gradle-plugin-2.0.21.module to /Users/tolu/.gradle/.tmp/gradle_download214197237981285443bin
Downloading https://dl.google.com/dl/android/maven2/com/android/tools/ddms/ddmlib/31.7.0/ddmlib-31.7.0.pom to /Users/tolu/.gradle/.tmp/gradle_download10919755274870948832bin
Downloading https://dl.google.com/dl/android/maven2/com/android/tools/analytics-library/shared/31.7.0/shared-31.7.0.pom to /Users/tolu/.gradle/.tmp/gradle_download5451340644825703948bin
Downloading https://dl.google.com/dl/android/maven2/com/android/tools/analytics-library/crash/31.7.0/crash-31.7.0.pom to /Users/tolu/.gradle/.tmp/gradle_download14416334898798200824bin
Downloading https://dl.google.com/dl/android/maven2/com/android/tools/repository/31.7.0/repository-31.7.0.pom to /Users/tolu/.gradle/.tmp/gradle_download725996988398025bin
Downloading https://dl.google.com/dl/android/maven2/com/android/tools/build/aaptcompiler/8.7.0/aaptcompiler-8.7.0.pom to /Users/tolu/.gradle/.tmp/gradle_download18435117227452638589bin
Downloading https://dl.google.com/dl/android/maven2/com/android/tools/lint/lint-model/31.7.0/lint-model-31.7.0.pom to /Users/tolu/.gradle/.tmp/gradle_download13198811130331147613bin
Downloading https://dl.google.com/dl/android/maven2/com/android/tools/sdk-common/31.7.0/sdk-common-31.7.0.pom to /Users/tolu/.gradle/.tmp/gradle_download10617180455090276216bin
Downloading https://dl.google.com/dl/android/maven2/com/android/tools/build/aapt2-proto/8.7.0-12006047/aapt2-proto-8.7.0-12006047.pom to /Users/tolu/.gradle/.tmp/gradle_download1392535062716903544bin
Downloading https://dl.google.com/dl/android/maven2/com/android/tools/build/gradle-settings-api/8.7.0/gradle-settings-api-8.7.0.pom to /Users/tolu/.gradle/.tmp/gradle_download3085154750394145291bin
Downloading https://dl.google.com/dl/android/maven2/com/android/tools/sdklib/31.7.0/sdklib-31.7.0.pom to /Users/tolu/.gradle/.tmp/gradle_download14756881905474612640bin
Downloading https://dl.google.com/dl/android/maven2/com/android/tools/lint/lint-typedef-remover/31.7.0/lint-typedef-remover-31.7.0.pom to /Users/tolu/.gradle/.tmp/gradle_download10609074504422473892bin
Downloading https://dl.google.com/dl/android/maven2/androidx/databinding/databinding-compiler-common/8.7.0/databinding-compiler-common-8.7.0.pom to /Users/tolu/.gradle/.tmp/gradle_download8598081912930545202bin
Downloading https://dl.google.com/dl/android/maven2/androidx/databinding/databinding-common/8.7.0/databinding-common-8.7.0.pom to /Users/tolu/.gradle/.tmp/gradle_download13602208905533362419bin
Downloading https://dl.google.com/dl/android/maven2/com/android/tools/build/aaptcompiler/8.7.0/aaptcompiler-8.7.0.module to /Users/tolu/.gradle/.tmp/gradle_download10345279980474832449bin
Downloading https://dl.google.com/dl/android/maven2/com/android/tools/layoutlib/layoutlib-api/31.7.0/layoutlib-api-31.7.0.pom to /Users/tolu/.gradle/.tmp/gradle_download12893303976269639194bin
Downloading https://dl.google.com/dl/android/maven2/com/android/databinding/baseLibrary/8.7.0/baseLibrary-8.7.0.pom to /Users/tolu/.gradle/.tmp/gradle_download5873396232909491841bin
Downloading https://dl.google.com/dl/android/maven2/com/android/tools/build/builder-test-api/8.7.0/builder-test-api-8.7.0.pom to /Users/tolu/.gradle/.tmp/gradle_download14722473760289854396bin
Downloading https://dl.google.com/dl/android/maven2/com/android/tools/build/aapt2-proto/8.7.0-12006047/aapt2-proto-8.7.0-12006047.module to /Users/tolu/.gradle/.tmp/gradle_download15753970979050749207bin
Downloading https://dl.google.com/dl/android/maven2/com/android/tools/build/gradle-settings-api/8.7.0/gradle-settings-api-8.7.0.module to /Users/tolu/.gradle/.tmp/gradle_download6666280962834432324bin
Downloading https://dl.google.com/dl/android/maven2/com/android/tools/utp/android-device-provider-ddmlib-proto/31.7.0/android-device-provider-ddmlib-proto-31.7.0.pom to /Users/tolu/.gradle/.tmp/gradle_download13686991918346711331bin
Downloading https://dl.google.com/dl/android/maven2/com/android/tools/utp/android-device-provider-gradle-proto/31.7.0/android-device-provider-gradle-proto-31.7.0.pom to /Users/tolu/.gradle/.tmp/gradle_download7107083855247995967bin
Downloading https://dl.google.com/dl/android/maven2/com/android/tools/utp/android-test-plugin-host-additional-test-output-proto/31.7.0/android-test-plugin-host-additional-test-output-proto-31.7.0.pom to /Users/tolu/.gradle/.tmp/gradle_download8715345081854447544bin
Downloading https://dl.google.com/dl/android/maven2/com/android/tools/utp/android-device-provider-profile-proto/31.7.0/android-device-provider-profile-proto-31.7.0.pom to /Users/tolu/.gradle/.tmp/gradle_download15159349188009907204bin
Downloading https://dl.google.com/dl/android/maven2/com/android/tools/utp/android-test-plugin-host-logcat-proto/31.7.0/android-test-plugin-host-logcat-proto-31.7.0.pom to /Users/tolu/.gradle/.tmp/gradle_download12812136364964105694bin
Downloading https://dl.google.com/dl/android/maven2/com/android/tools/utp/android-test-plugin-host-coverage-proto/31.7.0/android-test-plugin-host-coverage-proto-31.7.0.pom to /Users/tolu/.gradle/.tmp/gradle_download5502374281937089928bin
Downloading https://dl.google.com/dl/android/maven2/com/android/tools/utp/android-test-plugin-host-emulator-control-proto/31.7.0/android-test-plugin-host-emulator-control-proto-31.7.0.pom to /Users/tolu/.gradle/.tmp/gradle_download3431673673057962446bin
Downloading https://dl.google.com/dl/android/maven2/com/android/tools/build/builder-test-api/8.7.0/builder-test-api-8.7.0.module to /Users/tolu/.gradle/.tmp/gradle_download15933016757187091491bin
Downloading https://dl.google.com/dl/android/maven2/com/android/tools/utp/android-test-plugin-host-retention-proto/31.7.0/android-test-plugin-host-retention-proto-31.7.0.pom to /Users/tolu/.gradle/.tmp/gradle_download3722400950344635702bin
Downloading https://dl.google.com/dl/android/maven2/com/android/tools/utp/android-test-plugin-host-apk-installer-proto/31.7.0/android-test-plugin-host-apk-installer-proto-31.7.0.pom to /Users/tolu/.gradle/.tmp/gradle_download10543627059477827710bin
Resource missing. [HTTP GET: https://dl.google.com/dl/android/maven2/commons-io/commons-io/2.13.0/commons-io-2.13.0.pom]
Downloading https://dl.google.com/dl/android/maven2/com/android/tools/utp/android-test-plugin-result-listener-gradle-proto/31.7.0/android-test-plugin-result-listener-gradle-proto-31.7.0.pom to /Users/tolu/.gradle/.tmp/gradle_download10980536679070226701bin
Resource missing. [HTTP GET: https://dl.google.com/dl/android/maven2/org/jetbrains/kotlin/kotlin-stdlib-jdk8/1.9.20/kotlin-stdlib-jdk8-1.9.20.pom]
Resource missing. [HTTP GET: https://dl.google.com/dl/android/maven2/org/ow2/asm/asm-commons/9.6/asm-commons-9.6.pom]
Resource missing. [HTTP GET: https://dl.google.com/dl/android/maven2/org/ow2/asm/asm-analysis/9.6/asm-analysis-9.6.pom]
Resource missing. [HTTP GET: https://dl.google.com/dl/android/maven2/org/ow2/asm/asm-util/9.6/asm-util-9.6.pom]
Downloading https://repo.maven.apache.org/maven2/commons-io/commons-io/2.13.0/commons-io-2.13.0.pom to /Users/tolu/.gradle/.tmp/gradle_download9340851545840832826bin
Resource missing. [HTTP GET: https://dl.google.com/dl/android/maven2/org/bouncycastle/bcpkix-jdk18on/1.77/bcpkix-jdk18on-1.77.pom]
Downloading https://dl.google.com/dl/android/maven2/com/android/tools/build/bundletool/1.17.1/bundletool-1.17.1.pom to /Users/tolu/.gradle/.tmp/gradle_download13724497070324623244bin
Resource missing. [HTTP GET: https://dl.google.com/dl/android/maven2/com/google/protobuf/protobuf-java/3.22.3/protobuf-java-3.22.3.pom]
Downloading https://repo.maven.apache.org/maven2/org/bouncycastle/bcpkix-jdk18on/1.77/bcpkix-jdk18on-1.77.pom to /Users/tolu/.gradle/.tmp/gradle_download9907573939824127403bin
Resource missing. [HTTP GET: https://dl.google.com/dl/android/maven2/com/google/protobuf/protobuf-java-util/3.22.3/protobuf-java-util-3.22.3.pom]
Downloading https://repo.maven.apache.org/maven2/org/ow2/asm/asm-analysis/9.6/asm-analysis-9.6.pom to /Users/tolu/.gradle/.tmp/gradle_download8529719037950579197bin
Downloading https://repo.maven.apache.org/maven2/org/jetbrains/kotlin/kotlin-stdlib-jdk8/1.9.20/kotlin-stdlib-jdk8-1.9.20.pom to /Users/tolu/.gradle/.tmp/gradle_download6040779656370183124bin
Downloading https://repo.maven.apache.org/maven2/org/ow2/asm/asm-commons/9.6/asm-commons-9.6.pom to /Users/tolu/.gradle/.tmp/gradle_download6453641422756767614bin
Downloading https://repo.maven.apache.org/maven2/org/ow2/asm/asm-util/9.6/asm-util-9.6.pom to /Users/tolu/.gradle/.tmp/gradle_download13889235883663011732bin
Resource missing. [HTTP GET: https://dl.google.com/dl/android/maven2/io/grpc/grpc-core/1.57.0/grpc-core-1.57.0.pom]
Downloading https://repo.maven.apache.org/maven2/com/google/protobuf/protobuf-java-util/3.22.3/protobuf-java-util-3.22.3.pom to /Users/tolu/.gradle/.tmp/gradle_download4530424970812072892bin
Downloading https://repo.maven.apache.org/maven2/org/ow2/ow2/1.5.1/ow2-1.5.1.pom to /Users/tolu/.gradle/.tmp/gradle_download1672835790999770591bin
Resource missing. [HTTP GET: https://dl.google.com/dl/android/maven2/io/grpc/grpc-netty/1.57.0/grpc-netty-1.57.0.pom]
Downloading https://repo.maven.apache.org/maven2/com/google/protobuf/protobuf-java/3.22.3/protobuf-java-3.22.3.pom to /Users/tolu/.gradle/.tmp/gradle_download8421622506924698501bin
Downloading https://repo.maven.apache.org/maven2/org/apache/commons/commons-parent/58/commons-parent-58.pom to /Users/tolu/.gradle/.tmp/gradle_download6412906161489566586bin
Downloading https://repo.maven.apache.org/maven2/io/grpc/grpc-core/1.57.0/grpc-core-1.57.0.pom to /Users/tolu/.gradle/.tmp/gradle_download1893096793361780961bin
Resource missing. [HTTP GET: https://dl.google.com/dl/android/maven2/com/google/protobuf/protobuf-parent/3.22.3/protobuf-parent-3.22.3.pom]
Downloading https://repo.maven.apache.org/maven2/com/google/protobuf/protobuf-parent/3.22.3/protobuf-parent-3.22.3.pom to /Users/tolu/.gradle/.tmp/gradle_download9830966960182810586bin
Resource missing. [HTTP GET: https://dl.google.com/dl/android/maven2/io/grpc/grpc-stub/1.57.0/grpc-stub-1.57.0.pom]
Downloading https://repo.maven.apache.org/maven2/io/grpc/grpc-netty/1.57.0/grpc-netty-1.57.0.pom to /Users/tolu/.gradle/.tmp/gradle_download4025795651691794654bin
Resource missing. [HTTP GET: https://dl.google.com/dl/android/maven2/io/grpc/grpc-protobuf/1.57.0/grpc-protobuf-1.57.0.pom]
Downloading https://dl.google.com/dl/android/maven2/com/google/testing/platform/core-proto/0.0.9-alpha02/core-proto-0.0.9-alpha02.pom to /Users/tolu/.gradle/.tmp/gradle_download8238604447474187377bin
Downloading https://repo.maven.apache.org/maven2/org/apache/apache/29/apache-29.pom to /Users/tolu/.gradle/.tmp/gradle_download5991972117647586833bin
Downloading https://dl.google.com/dl/android/maven2/com/android/tools/build/builder/8.7.0/builder-8.7.0.pom to /Users/tolu/.gradle/.tmp/gradle_download15799077177698748760bin
Downloading https://repo.maven.apache.org/maven2/io/grpc/grpc-stub/1.57.0/grpc-stub-1.57.0.pom to /Users/tolu/.gradle/.tmp/gradle_download1810143913404962813bin
Downloading https://repo.maven.apache.org/maven2/io/grpc/grpc-protobuf/1.57.0/grpc-protobuf-1.57.0.pom to /Users/tolu/.gradle/.tmp/gradle_download12561697104809259083bin
Resource missing. [HTTP GET: https://dl.google.com/dl/android/maven2/com/google/protobuf/protobuf-bom/3.22.3/protobuf-bom-3.22.3.pom]
Downloading https://dl.google.com/dl/android/maven2/com/android/tools/build/builder-model/8.7.0/builder-model-8.7.0.pom to /Users/tolu/.gradle/.tmp/gradle_download5100572169708553243bin
Downloading https://dl.google.com/dl/android/maven2/com/android/tools/build/gradle-api/8.7.0/gradle-api-8.7.0.pom to /Users/tolu/.gradle/.tmp/gradle_download3978807957864143803bin
Downloading https://repo.maven.apache.org/maven2/org/junit/junit-bom/5.9.3/junit-bom-5.9.3.pom to /Users/tolu/.gradle/.tmp/gradle_download16620929123245827012bin
Downloading https://dl.google.com/dl/android/maven2/com/android/tools/build/builder/8.7.0/builder-8.7.0.module to /Users/tolu/.gradle/.tmp/gradle_download14695548761951348199bin
Downloading https://repo.maven.apache.org/maven2/com/google/protobuf/protobuf-bom/3.22.3/protobuf-bom-3.22.3.pom to /Users/tolu/.gradle/.tmp/gradle_download11818516080699070755bin
Downloading https://dl.google.com/dl/android/maven2/com/android/tools/build/gradle-api/8.7.0/gradle-api-8.7.0.module to /Users/tolu/.gradle/.tmp/gradle_download12222865901608251923bin
Downloading https://dl.google.com/dl/android/maven2/com/android/tools/build/builder-model/8.7.0/builder-model-8.7.0.module to /Users/tolu/.gradle/.tmp/gradle_download5130483946675263131bin
Resource missing. [HTTP GET: https://dl.google.com/dl/android/maven2/org/jetbrains/kotlin/kotlin-gradle-plugin-idea-proto/2.0.21/kotlin-gradle-plugin-idea-proto-2.0.21.pom]
Resource missing. [HTTP GET: https://dl.google.com/dl/android/maven2/org/jetbrains/kotlin/kotlin-gradle-plugin-model/2.0.21/kotlin-gradle-plugin-model-2.0.21.pom]
Resource missing. [HTTP GET: https://dl.google.com/dl/android/maven2/org/jetbrains/kotlin/kotlin-gradle-plugin-idea/2.0.21/kotlin-gradle-plugin-idea-2.0.21.pom]
Resource missing. [HTTP GET: https://dl.google.com/dl/android/maven2/org/jetbrains/kotlin/kotlin-build-statistics/2.0.21/kotlin-build-statistics-2.0.21.pom]
Resource missing. [HTTP GET: https://dl.google.com/dl/android/maven2/org/jetbrains/kotlin/kotlin-util-klib/2.0.21/kotlin-util-klib-2.0.21.pom]
Resource missing. [HTTP GET: https://dl.google.com/dl/android/maven2/org/jetbrains/kotlin/kotlin-klib-commonizer-api/2.0.21/kotlin-klib-commonizer-api-2.0.21.pom]
Resource missing. [HTTP GET: https://dl.google.com/dl/android/maven2/org/jetbrains/kotlin/kotlin-gradle-plugin-api/2.0.21/kotlin-gradle-plugin-api-2.0.21.pom]
Downloading https://repo.maven.apache.org/maven2/org/jetbrains/kotlin/kotlin-gradle-plugin-idea/2.0.21/kotlin-gradle-plugin-idea-2.0.21.pom to /Users/tolu/.gradle/.tmp/gradle_download17238805491064389774bin
Downloading https://repo.maven.apache.org/maven2/org/jetbrains/kotlin/kotlin-gradle-plugin-idea-proto/2.0.21/kotlin-gradle-plugin-idea-proto-2.0.21.pom to /Users/tolu/.gradle/.tmp/gradle_download8817720349695440925bin
Downloading https://repo.maven.apache.org/maven2/org/jetbrains/kotlin/kotlin-gradle-plugin-model/2.0.21/kotlin-gradle-plugin-model-2.0.21.pom to /Users/tolu/.gradle/.tmp/gradle_download4917705643458860957bin
Downloading https://repo.maven.apache.org/maven2/org/jetbrains/kotlin/kotlin-util-klib/2.0.21/kotlin-util-klib-2.0.21.pom to /Users/tolu/.gradle/.tmp/gradle_download7179713450179805043bin
Downloading https://repo.maven.apache.org/maven2/org/jetbrains/kotlin/kotlin-klib-commonizer-api/2.0.21/kotlin-klib-commonizer-api-2.0.21.pom to /Users/tolu/.gradle/.tmp/gradle_download14597860508067241598bin
Downloading https://repo.maven.apache.org/maven2/org/jetbrains/kotlin/kotlin-build-statistics/2.0.21/kotlin-build-statistics-2.0.21.pom to /Users/tolu/.gradle/.tmp/gradle_download9367858456871644795bin
Downloading https://repo.maven.apache.org/maven2/org/jetbrains/kotlin/kotlin-gradle-plugin-api/2.0.21/kotlin-gradle-plugin-api-2.0.21.pom to /Users/tolu/.gradle/.tmp/gradle_download14552333314454409513bin
Downloading https://repo.maven.apache.org/maven2/org/jetbrains/kotlin/kotlin-gradle-plugin-idea/2.0.21/kotlin-gradle-plugin-idea-2.0.21.module to /Users/tolu/.gradle/.tmp/gradle_download16585597762349399083bin
Downloading https://repo.maven.apache.org/maven2/org/jetbrains/kotlin/kotlin-gradle-plugin-api/2.0.21/kotlin-gradle-plugin-api-2.0.21.module to /Users/tolu/.gradle/.tmp/gradle_download520354820722562897bin
Downloading https://repo.maven.apache.org/maven2/org/jetbrains/kotlin/kotlin-gradle-plugin-model/2.0.21/kotlin-gradle-plugin-model-2.0.21.module to /Users/tolu/.gradle/.tmp/gradle_download2002762101022334522bin
Resource missing. [HTTP GET: https://dl.google.com/dl/android/maven2/com/google/guava/guava/32.0.1-jre/guava-32.0.1-jre.pom]
Downloading https://dl.google.com/dl/android/maven2/com/android/tools/common/31.7.0/common-31.7.0.pom to /Users/tolu/.gradle/.tmp/gradle_download18142817045516546143bin
Resource missing. [HTTP GET: https://dl.google.com/dl/android/maven2/org/bouncycastle/bcprov-jdk18on/1.77/bcprov-jdk18on-1.77.pom]
Resource missing. [HTTP GET: https://dl.google.com/dl/android/maven2/org/jetbrains/kotlin/kotlin-reflect/1.9.20/kotlin-reflect-1.9.20.pom]
Downloading https://repo.maven.apache.org/maven2/com/google/guava/guava/32.0.1-jre/guava-32.0.1-jre.pom to /Users/tolu/.gradle/.tmp/gradle_download1841073766180817493bin
Downloading https://repo.maven.apache.org/maven2/org/bouncycastle/bcprov-jdk18on/1.77/bcprov-jdk18on-1.77.pom to /Users/tolu/.gradle/.tmp/gradle_download8476389875338239569bin
Downloading https://repo.maven.apache.org/maven2/org/jetbrains/kotlin/kotlin-reflect/1.9.20/kotlin-reflect-1.9.20.pom to /Users/tolu/.gradle/.tmp/gradle_download6787883518202860153bin
Resource missing. [HTTP GET: https://dl.google.com/dl/android/maven2/com/google/guava/guava-parent/32.0.1-jre/guava-parent-32.0.1-jre.pom]
Downloading https://repo.maven.apache.org/maven2/com/google/guava/guava-parent/32.0.1-jre/guava-parent-32.0.1-jre.pom to /Users/tolu/.gradle/.tmp/gradle_download17429830411366580768bin
Downloading https://dl.google.com/dl/android/maven2/com/android/tools/dvlib/31.7.0/dvlib-31.7.0.pom to /Users/tolu/.gradle/.tmp/gradle_download18039802882879511907bin
Downloading https://dl.google.com/dl/android/maven2/com/android/tools/annotations/31.7.0/annotations-31.7.0.pom to /Users/tolu/.gradle/.tmp/gradle_download327899741721147446bin
Downloading https://dl.google.com/dl/android/maven2/com/android/tools/analytics-library/protos/31.7.0/protos-31.7.0.pom to /Users/tolu/.gradle/.tmp/gradle_download16191490003558847651bin
Resource missing. [HTTP GET: https://dl.google.com/dl/android/maven2/org/jetbrains/kotlin/kotlin-stdlib/1.9.20/kotlin-stdlib-1.9.20.pom]
Resource missing. [HTTP GET: https://dl.google.com/dl/android/maven2/org/jetbrains/kotlin/kotlin-stdlib-jdk7/1.9.20/kotlin-stdlib-jdk7-1.9.20.pom]
Downloading https://repo.maven.apache.org/maven2/org/jetbrains/kotlin/kotlin-stdlib/1.9.20/kotlin-stdlib-1.9.20.pom to /Users/tolu/.gradle/.tmp/gradle_download14314053979629480389bin
Downloading https://repo.maven.apache.org/maven2/org/jetbrains/kotlin/kotlin-stdlib-jdk7/1.9.20/kotlin-stdlib-jdk7-1.9.20.pom to /Users/tolu/.gradle/.tmp/gradle_download4130726599887516958bin
Downloading https://repo.maven.apache.org/maven2/org/jetbrains/kotlin/kotlin-stdlib/1.9.20/kotlin-stdlib-1.9.20.module to /Users/tolu/.gradle/.tmp/gradle_download17422127626717229407bin
Resource missing. [HTTP GET: https://dl.google.com/dl/android/maven2/org/ow2/asm/asm-tree/9.6/asm-tree-9.6.pom]
Downloading https://repo.maven.apache.org/maven2/org/ow2/asm/asm-tree/9.6/asm-tree-9.6.pom to /Users/tolu/.gradle/.tmp/gradle_download7057903656717120272bin
Resource missing. [HTTP GET: https://dl.google.com/dl/android/maven2/org/bouncycastle/bcutil-jdk18on/1.77/bcutil-jdk18on-1.77.pom]
Downloading https://repo.maven.apache.org/maven2/org/bouncycastle/bcutil-jdk18on/1.77/bcutil-jdk18on-1.77.pom to /Users/tolu/.gradle/.tmp/gradle_download8577242489426079448bin
Resource missing. [HTTP GET: https://dl.google.com/dl/android/maven2/com/google/errorprone/error_prone_annotations/2.18.0/error_prone_annotations-2.18.0.pom]
Resource missing. [HTTP GET: https://dl.google.com/dl/android/maven2/io/grpc/grpc-api/1.57.0/grpc-api-1.57.0.pom]
Resource missing. [HTTP GET: https://dl.google.com/dl/android/maven2/io/grpc/grpc-context/1.57.0/grpc-context-1.57.0.pom]
Downloading https://repo.maven.apache.org/maven2/io/grpc/grpc-api/1.57.0/grpc-api-1.57.0.pom to /Users/tolu/.gradle/.tmp/gradle_download15918589478567506883bin
Downloading https://repo.maven.apache.org/maven2/io/grpc/grpc-context/1.57.0/grpc-context-1.57.0.pom to /Users/tolu/.gradle/.tmp/gradle_download17697513542051119793bin
Resource missing. [HTTP GET: https://dl.google.com/dl/android/maven2/io/netty/netty-codec-http2/4.1.93.Final/netty-codec-http2-4.1.93.Final.pom]
Resource missing. [HTTP GET: https://dl.google.com/dl/android/maven2/io/netty/netty-handler-proxy/4.1.93.Final/netty-handler-proxy-4.1.93.Final.pom]
Resource missing. [HTTP GET: https://dl.google.com/dl/android/maven2/io/netty/netty-transport-native-unix-common/4.1.93.Final/netty-transport-native-unix-common-4.1.93.Final.pom]
Downloading https://repo.maven.apache.org/maven2/io/netty/netty-codec-http2/4.1.93.Final/netty-codec-http2-4.1.93.Final.pom to /Users/tolu/.gradle/.tmp/gradle_download7006178064093882354bin
Downloading https://repo.maven.apache.org/maven2/io/netty/netty-handler-proxy/4.1.93.Final/netty-handler-proxy-4.1.93.Final.pom to /Users/tolu/.gradle/.tmp/gradle_download1883370688360480808bin
Downloading https://repo.maven.apache.org/maven2/io/netty/netty-transport-native-unix-common/4.1.93.Final/netty-transport-native-unix-common-4.1.93.Final.pom to /Users/tolu/.gradle/.tmp/gradle_download5188250567769193395bin
Resource missing. [HTTP GET: https://dl.google.com/dl/android/maven2/io/netty/netty-parent/4.1.93.Final/netty-parent-4.1.93.Final.pom]
Downloading https://repo.maven.apache.org/maven2/io/netty/netty-parent/4.1.93.Final/netty-parent-4.1.93.Final.pom to /Users/tolu/.gradle/.tmp/gradle_download17622502050911632575bin
Downloading https://repo.maven.apache.org/maven2/org/sonatype/oss/oss-parent/9/oss-parent-9.pom to /Users/tolu/.gradle/.tmp/gradle_download14183820359113776749bin
Resource missing. [HTTP GET: https://dl.google.com/dl/android/maven2/io/grpc/grpc-protobuf-lite/1.57.0/grpc-protobuf-lite-1.57.0.pom]
Resource missing. [HTTP GET: https://dl.google.com/dl/android/maven2/com/google/api/grpc/proto-google-common-protos/2.17.0/proto-google-common-protos-2.17.0.pom]
Downloading https://repo.maven.apache.org/maven2/io/grpc/grpc-protobuf-lite/1.57.0/grpc-protobuf-lite-1.57.0.pom to /Users/tolu/.gradle/.tmp/gradle_download5892720350968671427bin
Downloading https://repo.maven.apache.org/maven2/com/google/api/grpc/proto-google-common-protos/2.17.0/proto-google-common-protos-2.17.0.pom to /Users/tolu/.gradle/.tmp/gradle_download15808320791834290734bin
Downloading https://dl.google.com/dl/android/maven2/com/android/tools/build/apkzlib/8.7.0/apkzlib-8.7.0.pom to /Users/tolu/.gradle/.tmp/gradle_download16933502962185905040bin
Downloading https://dl.google.com/dl/android/maven2/com/android/tools/build/manifest-merger/31.7.0/manifest-merger-31.7.0.pom to /Users/tolu/.gradle/.tmp/gradle_download13759542872260271928bin
Downloading https://dl.google.com/dl/android/maven2/com/android/signflinger/8.7.0/signflinger-8.7.0.pom to /Users/tolu/.gradle/.tmp/gradle_download2008490358890725792bin
Downloading https://dl.google.com/dl/android/maven2/com/android/tools/build/apksig/8.7.0/apksig-8.7.0.pom to /Users/tolu/.gradle/.tmp/gradle_download13053517819289876074bin
Downloading https://dl.google.com/dl/android/maven2/com/android/zipflinger/8.7.0/zipflinger-8.7.0.pom to /Users/tolu/.gradle/.tmp/gradle_download10579696740376975703bin
Downloading https://dl.google.com/dl/android/maven2/com/android/tools/analytics-library/tracker/31.7.0/tracker-31.7.0.pom to /Users/tolu/.gradle/.tmp/gradle_download5633830402468806556bin
Downloading https://dl.google.com/dl/android/maven2/com/android/tools/build/manifest-merger/31.7.0/manifest-merger-31.7.0.module to /Users/tolu/.gradle/.tmp/gradle_download4535014064354728325bin
Resource missing. [HTTP GET: https://dl.google.com/dl/android/maven2/org/jetbrains/kotlin/kotlin-tooling-core/2.0.21/kotlin-tooling-core-2.0.21.pom]
Resource missing. [HTTP GET: https://dl.google.com/dl/android/maven2/org/jetbrains/kotlin/kotlin-gradle-plugin-annotations/2.0.21/kotlin-gradle-plugin-annotations-2.0.21.pom]
Resource missing. [HTTP GET: https://dl.google.com/dl/android/maven2/org/jetbrains/kotlin/kotlin-native-utils/2.0.21/kotlin-native-utils-2.0.21.pom]
Downloading https://repo.maven.apache.org/maven2/org/jetbrains/kotlin/kotlin-tooling-core/2.0.21/kotlin-tooling-core-2.0.21.pom to /Users/tolu/.gradle/.tmp/gradle_download10325461368736869777bin
Downloading https://repo.maven.apache.org/maven2/org/jetbrains/kotlin/kotlin-gradle-plugin-annotations/2.0.21/kotlin-gradle-plugin-annotations-2.0.21.pom to /Users/tolu/.gradle/.tmp/gradle_download6823680030411389343bin
Downloading https://repo.maven.apache.org/maven2/org/jetbrains/kotlin/kotlin-native-utils/2.0.21/kotlin-native-utils-2.0.21.pom to /Users/tolu/.gradle/.tmp/gradle_download2614851397436939855bin
Resource missing. [HTTP GET: https://dl.google.com/dl/android/maven2/org/jetbrains/kotlin/kotlin-util-io/2.0.21/kotlin-util-io-2.0.21.pom]
Downloading https://repo.maven.apache.org/maven2/org/jetbrains/kotlin/kotlin-util-io/2.0.21/kotlin-util-io-2.0.21.pom to /Users/tolu/.gradle/.tmp/gradle_download2884451163993216192bin
Resource missing. [HTTP GET: https://dl.google.com/dl/android/maven2/org/checkerframework/checker-qual/3.33.0/checker-qual-3.33.0.pom]
Downloading https://repo.maven.apache.org/maven2/org/checkerframework/checker-qual/3.33.0/checker-qual-3.33.0.pom to /Users/tolu/.gradle/.tmp/gradle_download13330640579286883601bin
Downloading https://repo.maven.apache.org/maven2/org/checkerframework/checker-qual/3.33.0/checker-qual-3.33.0.module to /Users/tolu/.gradle/.tmp/gradle_download12182507933090880278bin
Resource missing. [HTTP GET: https://dl.google.com/dl/android/maven2/io/netty/netty-common/4.1.93.Final/netty-common-4.1.93.Final.pom]
Resource missing. [HTTP GET: https://dl.google.com/dl/android/maven2/io/netty/netty-buffer/4.1.93.Final/netty-buffer-4.1.93.Final.pom]
Resource missing. [HTTP GET: https://dl.google.com/dl/android/maven2/io/netty/netty-transport/4.1.93.Final/netty-transport-4.1.93.Final.pom]
Resource missing. [HTTP GET: https://dl.google.com/dl/android/maven2/io/netty/netty-handler/4.1.93.Final/netty-handler-4.1.93.Final.pom]
Resource missing. [HTTP GET: https://dl.google.com/dl/android/maven2/io/netty/netty-codec/4.1.93.Final/netty-codec-4.1.93.Final.pom]
Resource missing. [HTTP GET: https://dl.google.com/dl/android/maven2/io/netty/netty-codec-http/4.1.93.Final/netty-codec-http-4.1.93.Final.pom]
Downloading https://repo.maven.apache.org/maven2/io/netty/netty-common/4.1.93.Final/netty-common-4.1.93.Final.pom to /Users/tolu/.gradle/.tmp/gradle_download17112696262639787992bin
Downloading https://repo.maven.apache.org/maven2/io/netty/netty-buffer/4.1.93.Final/netty-buffer-4.1.93.Final.pom to /Users/tolu/.gradle/.tmp/gradle_download7663979404571065679bin
Downloading https://repo.maven.apache.org/maven2/io/netty/netty-codec/4.1.93.Final/netty-codec-4.1.93.Final.pom to /Users/tolu/.gradle/.tmp/gradle_download7038447285593950184bin
Downloading https://repo.maven.apache.org/maven2/io/netty/netty-transport/4.1.93.Final/netty-transport-4.1.93.Final.pom to /Users/tolu/.gradle/.tmp/gradle_download6353834740306921867bin
Downloading https://repo.maven.apache.org/maven2/io/netty/netty-handler/4.1.93.Final/netty-handler-4.1.93.Final.pom to /Users/tolu/.gradle/.tmp/gradle_download16502744020107118555bin
Downloading https://repo.maven.apache.org/maven2/io/netty/netty-codec-http/4.1.93.Final/netty-codec-http-4.1.93.Final.pom to /Users/tolu/.gradle/.tmp/gradle_download11663487351260974012bin
Resource missing. [HTTP GET: https://dl.google.com/dl/android/maven2/io/netty/netty-codec-socks/4.1.93.Final/netty-codec-socks-4.1.93.Final.pom]
Downloading https://repo.maven.apache.org/maven2/io/netty/netty-codec-socks/4.1.93.Final/netty-codec-socks-4.1.93.Final.pom to /Users/tolu/.gradle/.tmp/gradle_download2649360670416350031bin
Resource missing. [HTTP GET: https://dl.google.com/dl/android/maven2/io/netty/netty-resolver/4.1.93.Final/netty-resolver-4.1.93.Final.pom]
Downloading https://repo.maven.apache.org/maven2/io/netty/netty-resolver/4.1.93.Final/netty-resolver-4.1.93.Final.pom to /Users/tolu/.gradle/.tmp/gradle_download9089832256980380662bin
Found locally available resource with matching checksum: [https://repo.maven.apache.org/maven2/org/jetbrains/kotlin/kotlin-gradle-plugin-model/2.0.21/kotlin-gradle-plugin-model-2.0.21.jar, /Users/tolu/.gradle/caches/modules-2/files-2.1/org.jetbrains.kotlin/kotlin-gradle-plugin-model/2.0.21/3672a6bafb29cdb53c10ca1e13f6c8c75af0f8eb/kotlin-gradle-plugin-model-2.0.21.jar]
Found locally available resource with matching checksum: [https://repo.maven.apache.org/maven2/org/jetbrains/kotlin/kotlin-gradle-plugin-api/2.0.21/kotlin-gradle-plugin-api-2.0.21.jar, /Users/tolu/.gradle/caches/modules-2/files-2.1/org.jetbrains.kotlin/kotlin-gradle-plugin-api/2.0.21/2fe6828d39788b439f1a44576c4fd2d98862e77b/kotlin-gradle-plugin-api-2.0.21.jar]
Downloading https://dl.google.com/dl/android/maven2/com/android/tools/build/builder/8.7.0/builder-8.7.0.jar to /Users/tolu/.gradle/.tmp/gradle_download6809366053275002831bin
Downloading https://dl.google.com/dl/android/maven2/com/android/tools/lint/lint-model/31.7.0/lint-model-31.7.0.jar to /Users/tolu/.gradle/.tmp/gradle_download1278658240357513839bin
Downloading https://dl.google.com/dl/android/maven2/com/android/tools/build/gradle-settings-api/8.7.0/gradle-settings-api-8.7.0.jar to /Users/tolu/.gradle/.tmp/gradle_download6613006496322306575bin
Downloading https://dl.google.com/dl/android/maven2/com/android/tools/build/gradle/8.7.0/gradle-8.7.0.jar to /Users/tolu/.gradle/.tmp/gradle_download5519175829877743353bin
Found locally available resource with matching checksum: [https://repo.maven.apache.org/maven2/org/jetbrains/kotlin/kotlin-gradle-plugin/2.0.21/kotlin-gradle-plugin-2.0.21-gradle85.jar, /Users/tolu/.gradle/caches/modules-2/files-2.1/org.jetbrains.kotlin/kotlin-gradle-plugin/2.0.21/ea69d8de091115a98ce7f3901994b2fb3432480b/kotlin-gradle-plugin-2.0.21-gradle85.jar]
Downloading https://dl.google.com/dl/android/maven2/com/android/tools/build/manifest-merger/31.7.0/manifest-merger-31.7.0.jar to /Users/tolu/.gradle/.tmp/gradle_download2897573049830502859bin
Downloading https://dl.google.com/dl/android/maven2/com/android/tools/sdk-common/31.7.0/sdk-common-31.7.0.jar to /Users/tolu/.gradle/.tmp/gradle_download14142867815724331691bin
Downloading https://dl.google.com/dl/android/maven2/com/android/tools/repository/31.7.0/repository-31.7.0.jar to /Users/tolu/.gradle/.tmp/gradle_download6650678648279125615bin
Downloading https://dl.google.com/dl/android/maven2/com/android/tools/sdklib/31.7.0/sdklib-31.7.0.jar to /Users/tolu/.gradle/.tmp/gradle_download11444003781300303386bin
Downloading https://dl.google.com/dl/android/maven2/com/android/tools/build/gradle-api/8.7.0/gradle-api-8.7.0.jar to /Users/tolu/.gradle/.tmp/gradle_download3162187825537925627bin
Downloading https://dl.google.com/dl/android/maven2/com/android/tools/build/builder-test-api/8.7.0/builder-test-api-8.7.0.jar to /Users/tolu/.gradle/.tmp/gradle_download8813543011233621346bin
Downloading https://dl.google.com/dl/android/maven2/com/android/tools/ddms/ddmlib/31.7.0/ddmlib-31.7.0.jar to /Users/tolu/.gradle/.tmp/gradle_download14998871750205005251bin
Downloading https://dl.google.com/dl/android/maven2/com/android/tools/build/aaptcompiler/8.7.0/aaptcompiler-8.7.0.jar to /Users/tolu/.gradle/.tmp/gradle_download5800749381560335342bin
Downloading https://dl.google.com/dl/android/maven2/com/android/tools/build/bundletool/1.17.1/bundletool-1.17.1.jar to /Users/tolu/.gradle/.tmp/gradle_download2555108043310730871bin
Downloading https://dl.google.com/dl/android/maven2/com/android/tools/build/aapt2-proto/8.7.0-12006047/aapt2-proto-8.7.0-12006047.jar to /Users/tolu/.gradle/.tmp/gradle_download10464224914683924244bin
Downloading https://dl.google.com/dl/android/maven2/com/android/tools/analytics-library/crash/31.7.0/crash-31.7.0.jar to /Users/tolu/.gradle/.tmp/gradle_download4689782046899036693bin
Downloading https://dl.google.com/dl/android/maven2/com/android/tools/analytics-library/tracker/31.7.0/tracker-31.7.0.jar to /Users/tolu/.gradle/.tmp/gradle_download1163930589313602513bin
Downloading https://dl.google.com/dl/android/maven2/com/android/tools/analytics-library/shared/31.7.0/shared-31.7.0.jar to /Users/tolu/.gradle/.tmp/gradle_download5751762766058021334bin
Downloading https://dl.google.com/dl/android/maven2/com/android/tools/lint/lint-typedef-remover/31.7.0/lint-typedef-remover-31.7.0.jar to /Users/tolu/.gradle/.tmp/gradle_download12694768213453108511bin
Downloading https://dl.google.com/dl/android/maven2/androidx/databinding/databinding-compiler-common/8.7.0/databinding-compiler-common-8.7.0.jar to /Users/tolu/.gradle/.tmp/gradle_download2356964004336916861bin
Downloading https://dl.google.com/dl/android/maven2/androidx/databinding/databinding-common/8.7.0/databinding-common-8.7.0.jar to /Users/tolu/.gradle/.tmp/gradle_download16909804098402925715bin
Downloading https://dl.google.com/dl/android/maven2/com/android/databinding/baseLibrary/8.7.0/baseLibrary-8.7.0.jar to /Users/tolu/.gradle/.tmp/gradle_download17200596505839022010bin
Downloading https://dl.google.com/dl/android/maven2/com/android/tools/layoutlib/layoutlib-api/31.7.0/layoutlib-api-31.7.0.jar to /Users/tolu/.gradle/.tmp/gradle_download2979251878617921279bin
Downloading https://dl.google.com/dl/android/maven2/com/android/tools/utp/android-device-provider-ddmlib-proto/31.7.0/android-device-provider-ddmlib-proto-31.7.0.jar to /Users/tolu/.gradle/.tmp/gradle_download11915839514717740980bin
Downloading https://dl.google.com/dl/android/maven2/com/android/tools/utp/android-device-provider-gradle-proto/31.7.0/android-device-provider-gradle-proto-31.7.0.jar to /Users/tolu/.gradle/.tmp/gradle_download2751788438523898458bin
Downloading https://dl.google.com/dl/android/maven2/com/android/tools/utp/android-device-provider-profile-proto/31.7.0/android-device-provider-profile-proto-31.7.0.jar to /Users/tolu/.gradle/.tmp/gradle_download14088655953705638329bin
Downloading https://dl.google.com/dl/android/maven2/com/android/tools/utp/android-test-plugin-host-additional-test-output-proto/31.7.0/android-test-plugin-host-additional-test-output-proto-31.7.0.jar to /Users/tolu/.gradle/.tmp/gradle_download4370203242263502901bin
Downloading https://dl.google.com/dl/android/maven2/com/android/tools/utp/android-test-plugin-host-emulator-control-proto/31.7.0/android-test-plugin-host-emulator-control-proto-31.7.0.jar to /Users/tolu/.gradle/.tmp/gradle_download6886094845103638899bin
Downloading https://dl.google.com/dl/android/maven2/com/android/tools/utp/android-test-plugin-host-coverage-proto/31.7.0/android-test-plugin-host-coverage-proto-31.7.0.jar to /Users/tolu/.gradle/.tmp/gradle_download8665052329776647225bin
Downloading https://dl.google.com/dl/android/maven2/com/android/tools/utp/android-test-plugin-host-logcat-proto/31.7.0/android-test-plugin-host-logcat-proto-31.7.0.jar to /Users/tolu/.gradle/.tmp/gradle_download1560542971263993390bin
Downloading https://dl.google.com/dl/android/maven2/com/android/tools/utp/android-test-plugin-host-apk-installer-proto/31.7.0/android-test-plugin-host-apk-installer-proto-31.7.0.jar to /Users/tolu/.gradle/.tmp/gradle_download16364240747193406978bin
Downloading https://dl.google.com/dl/android/maven2/com/android/tools/utp/android-test-plugin-host-retention-proto/31.7.0/android-test-plugin-host-retention-proto-31.7.0.jar to /Users/tolu/.gradle/.tmp/gradle_download11568386338276106893bin
Downloading https://dl.google.com/dl/android/maven2/com/android/tools/utp/android-test-plugin-result-listener-gradle-proto/31.7.0/android-test-plugin-result-listener-gradle-proto-31.7.0.jar to /Users/tolu/.gradle/.tmp/gradle_download6229128069169988119bin
Downloading https://dl.google.com/dl/android/maven2/com/android/tools/build/builder-model/8.7.0/builder-model-8.7.0.jar to /Users/tolu/.gradle/.tmp/gradle_download16908970259200484227bin
Downloading https://dl.google.com/dl/android/maven2/com/android/tools/dvlib/31.7.0/dvlib-31.7.0.jar to /Users/tolu/.gradle/.tmp/gradle_download17142271073694421620bin
Downloading https://repo.maven.apache.org/maven2/org/jetbrains/kotlin/kotlin-reflect/1.9.20/kotlin-reflect-1.9.20.jar to /Users/tolu/.gradle/.tmp/gradle_download11060379182311400936bin
Downloading https://dl.google.com/dl/android/maven2/com/android/tools/common/31.7.0/common-31.7.0.jar to /Users/tolu/.gradle/.tmp/gradle_download7966627535591999862bin
Downloading https://repo.maven.apache.org/maven2/org/jetbrains/kotlin/kotlin-stdlib-jdk7/1.9.20/kotlin-stdlib-jdk7-1.9.20.jar to /Users/tolu/.gradle/.tmp/gradle_download11394857385667271828bin
Downloading https://repo.maven.apache.org/maven2/org/jetbrains/kotlin/kotlin-stdlib/1.9.20/kotlin-stdlib-1.9.20.jar to /Users/tolu/.gradle/.tmp/gradle_download8580500205411511807bin
Downloading https://repo.maven.apache.org/maven2/org/jetbrains/kotlin/kotlin-stdlib-jdk8/1.9.20/kotlin-stdlib-jdk8-1.9.20.jar to /Users/tolu/.gradle/.tmp/gradle_download8536253733794182584bin
Downloading https://repo.maven.apache.org/maven2/commons-io/commons-io/2.13.0/commons-io-2.13.0.jar to /Users/tolu/.gradle/.tmp/gradle_download15025165433286002156bin
Downloading https://repo.maven.apache.org/maven2/org/ow2/asm/asm-commons/9.6/asm-commons-9.6.jar to /Users/tolu/.gradle/.tmp/gradle_download1524757067769250289bin
Downloading https://repo.maven.apache.org/maven2/org/ow2/asm/asm-util/9.6/asm-util-9.6.jar to /Users/tolu/.gradle/.tmp/gradle_download1446176535286652934bin
Downloading https://repo.maven.apache.org/maven2/org/ow2/asm/asm-analysis/9.6/asm-analysis-9.6.jar to /Users/tolu/.gradle/.tmp/gradle_download14507990262109877092bin
Downloading https://repo.maven.apache.org/maven2/org/ow2/asm/asm-tree/9.6/asm-tree-9.6.jar to /Users/tolu/.gradle/.tmp/gradle_download6845874020858291952bin
Downloading https://dl.google.com/dl/android/maven2/com/android/tools/build/apkzlib/8.7.0/apkzlib-8.7.0.jar to /Users/tolu/.gradle/.tmp/gradle_download15760352270559007479bin
Downloading https://repo.maven.apache.org/maven2/org/bouncycastle/bcpkix-jdk18on/1.77/bcpkix-jdk18on-1.77.jar to /Users/tolu/.gradle/.tmp/gradle_download11410424480643514886bin
Downloading https://repo.maven.apache.org/maven2/com/google/protobuf/protobuf-java-util/3.22.3/protobuf-java-util-3.22.3.jar to /Users/tolu/.gradle/.tmp/gradle_download2720705908232650907bin
Downloading https://repo.maven.apache.org/maven2/io/grpc/grpc-protobuf/1.57.0/grpc-protobuf-1.57.0.jar to /Users/tolu/.gradle/.tmp/gradle_download2752480813739299187bin
Downloading https://dl.google.com/dl/android/maven2/com/android/tools/analytics-library/protos/31.7.0/protos-31.7.0.jar to /Users/tolu/.gradle/.tmp/gradle_download12538502042455571145bin
Downloading https://repo.maven.apache.org/maven2/com/google/api/grpc/proto-google-common-protos/2.17.0/proto-google-common-protos-2.17.0.jar to /Users/tolu/.gradle/.tmp/gradle_download9778061403210551138bin
Downloading https://repo.maven.apache.org/maven2/com/google/protobuf/protobuf-java/3.22.3/protobuf-java-3.22.3.jar to /Users/tolu/.gradle/.tmp/gradle_download6818670632114542475bin
Downloading https://repo.maven.apache.org/maven2/io/grpc/grpc-netty/1.57.0/grpc-netty-1.57.0.jar to /Users/tolu/.gradle/.tmp/gradle_download14625187714594830975bin
Downloading https://repo.maven.apache.org/maven2/io/grpc/grpc-core/1.57.0/grpc-core-1.57.0.jar to /Users/tolu/.gradle/.tmp/gradle_download7439455033007536211bin
Found locally available resource with matching checksum: [https://repo.maven.apache.org/maven2/org/jetbrains/kotlin/kotlin-build-statistics/2.0.21/kotlin-build-statistics-2.0.21.jar, /Users/tolu/.gradle/caches/modules-2/files-2.1/org.jetbrains.kotlin/kotlin-build-statistics/2.0.21/b5d6b9bf90684ba3aa5fdd524761bfa51c9cddc8/kotlin-build-statistics-2.0.21.jar]
Downloading https://repo.maven.apache.org/maven2/io/grpc/grpc-stub/1.57.0/grpc-stub-1.57.0.jar to /Users/tolu/.gradle/.tmp/gradle_download10618799451849831928bin
Downloading https://dl.google.com/dl/android/maven2/com/google/testing/platform/core-proto/0.0.9-alpha02/core-proto-0.0.9-alpha02.jar to /Users/tolu/.gradle/.tmp/gradle_download8812218254625770133bin
Found locally available resource with matching checksum: [https://repo.maven.apache.org/maven2/org/jetbrains/kotlin/kotlin-gradle-plugin-idea-proto/2.0.21/kotlin-gradle-plugin-idea-proto-2.0.21.jar, /Users/tolu/.gradle/caches/modules-2/files-2.1/org.jetbrains.kotlin/kotlin-gradle-plugin-idea-proto/2.0.21/7ee6324747edb846bb869955000c513797eaf6d7/kotlin-gradle-plugin-idea-proto-2.0.21.jar]
Found locally available resource with matching checksum: [https://repo.maven.apache.org/maven2/org/jetbrains/kotlin/kotlin-gradle-plugin-idea/2.0.21/kotlin-gradle-plugin-idea-2.0.21.jar, /Users/tolu/.gradle/caches/modules-2/files-2.1/org.jetbrains.kotlin/kotlin-gradle-plugin-idea/2.0.21/dc54973fe68b0bb9b816bd04ef39648ca29526a6/kotlin-gradle-plugin-idea-2.0.21.jar]
Found locally available resource with matching checksum: [https://repo.maven.apache.org/maven2/org/jetbrains/kotlin/kotlin-klib-commonizer-api/2.0.21/kotlin-klib-commonizer-api-2.0.21.jar, /Users/tolu/.gradle/caches/modules-2/files-2.1/org.jetbrains.kotlin/kotlin-klib-commonizer-api/2.0.21/499b6b114eda7ed8002ce438458f5baf273c5fa/kotlin-klib-commonizer-api-2.0.21.jar]
Found locally available resource with matching checksum: [https://repo.maven.apache.org/maven2/org/jetbrains/kotlin/kotlin-native-utils/2.0.21/kotlin-native-utils-2.0.21.jar, /Users/tolu/.gradle/caches/modules-2/files-2.1/org.jetbrains.kotlin/kotlin-native-utils/2.0.21/ccdbc49a5d23f7ab782fbdff20c9426cf074f2d7/kotlin-native-utils-2.0.21.jar]
Found locally available resource with matching checksum: [https://repo.maven.apache.org/maven2/org/jetbrains/kotlin/kotlin-util-klib/2.0.21/kotlin-util-klib-2.0.21.jar, /Users/tolu/.gradle/caches/modules-2/files-2.1/org.jetbrains.kotlin/kotlin-util-klib/2.0.21/cc042c4a50a1ee46695a8f2f928c196223bdd7dc/kotlin-util-klib-2.0.21.jar]
Downloading https://repo.maven.apache.org/maven2/io/grpc/grpc-context/1.57.0/grpc-context-1.57.0.jar to /Users/tolu/.gradle/.tmp/gradle_download13071566104423905117bin
Downloading https://repo.maven.apache.org/maven2/io/grpc/grpc-protobuf-lite/1.57.0/grpc-protobuf-lite-1.57.0.jar to /Users/tolu/.gradle/.tmp/gradle_download13301455049139424484bin
Downloading https://repo.maven.apache.org/maven2/io/grpc/grpc-api/1.57.0/grpc-api-1.57.0.jar to /Users/tolu/.gradle/.tmp/gradle_download8293428422281094028bin
Downloading https://repo.maven.apache.org/maven2/org/bouncycastle/bcutil-jdk18on/1.77/bcutil-jdk18on-1.77.jar to /Users/tolu/.gradle/.tmp/gradle_download5616444736884462650bin
Downloading https://repo.maven.apache.org/maven2/org/bouncycastle/bcprov-jdk18on/1.77/bcprov-jdk18on-1.77.jar to /Users/tolu/.gradle/.tmp/gradle_download8427885224457017662bin
Downloading https://repo.maven.apache.org/maven2/com/google/guava/guava/32.0.1-jre/guava-32.0.1-jre.jar to /Users/tolu/.gradle/.tmp/gradle_download419621892813595140bin
Downloading https://dl.google.com/dl/android/maven2/com/android/signflinger/8.7.0/signflinger-8.7.0.jar to /Users/tolu/.gradle/.tmp/gradle_download8174044858733085022bin
Downloading https://dl.google.com/dl/android/maven2/com/android/zipflinger/8.7.0/zipflinger-8.7.0.jar to /Users/tolu/.gradle/.tmp/gradle_download18354433309329588105bin
Downloading https://dl.google.com/dl/android/maven2/com/android/tools/annotations/31.7.0/annotations-31.7.0.jar to /Users/tolu/.gradle/.tmp/gradle_download7252632358848739545bin
Downloading https://repo.maven.apache.org/maven2/com/google/errorprone/error_prone_annotations/2.18.0/error_prone_annotations-2.18.0.jar to /Users/tolu/.gradle/.tmp/gradle_download11152089225819845802bin
Downloading https://repo.maven.apache.org/maven2/com/google/j2objc/j2objc-annotations/2.8/j2objc-annotations-2.8.jar to /Users/tolu/.gradle/.tmp/gradle_download11603952539400303753bin
Downloading https://repo.maven.apache.org/maven2/io/netty/netty-codec-http2/4.1.93.Final/netty-codec-http2-4.1.93.Final.jar to /Users/tolu/.gradle/.tmp/gradle_download1436769879442318828bin
Downloading https://repo.maven.apache.org/maven2/io/netty/netty-handler-proxy/4.1.93.Final/netty-handler-proxy-4.1.93.Final.jar to /Users/tolu/.gradle/.tmp/gradle_download7842516572930652188bin
Downloading https://repo.maven.apache.org/maven2/io/netty/netty-codec-http/4.1.93.Final/netty-codec-http-4.1.93.Final.jar to /Users/tolu/.gradle/.tmp/gradle_download6802684355999345699bin
Downloading https://repo.maven.apache.org/maven2/io/netty/netty-handler/4.1.93.Final/netty-handler-4.1.93.Final.jar to /Users/tolu/.gradle/.tmp/gradle_download7155138187478570725bin
Downloading https://repo.maven.apache.org/maven2/io/netty/netty-transport-native-unix-common/4.1.93.Final/netty-transport-native-unix-common-4.1.93.Final.jar to /Users/tolu/.gradle/.tmp/gradle_download17594255304665323209bin
Downloading https://repo.maven.apache.org/maven2/org/checkerframework/checker-qual/3.33.0/checker-qual-3.33.0.jar to /Users/tolu/.gradle/.tmp/gradle_download5049469502584064943bin
Downloading https://dl.google.com/dl/android/maven2/com/android/tools/build/apksig/8.7.0/apksig-8.7.0.jar to /Users/tolu/.gradle/.tmp/gradle_download14494487372255914571bin
Found locally available resource with matching checksum: [https://repo.maven.apache.org/maven2/org/jetbrains/kotlin/kotlin-gradle-plugin-annotations/2.0.21/kotlin-gradle-plugin-annotations-2.0.21.jar, /Users/tolu/.gradle/caches/modules-2/files-2.1/org.jetbrains.kotlin/kotlin-gradle-plugin-annotations/2.0.21/585ea547101485df5165acbffc51b760b0bf2728/kotlin-gradle-plugin-annotations-2.0.21.jar]
Found locally available resource with matching checksum: [https://repo.maven.apache.org/maven2/org/jetbrains/kotlin/kotlin-tooling-core/2.0.21/kotlin-tooling-core-2.0.21.jar, /Users/tolu/.gradle/caches/modules-2/files-2.1/org.jetbrains.kotlin/kotlin-tooling-core/2.0.21/952179e9b7f114e78274ca73cea6df8fce3c8b3b/kotlin-tooling-core-2.0.21.jar]
Found locally available resource with matching checksum: [https://repo.maven.apache.org/maven2/org/jetbrains/kotlin/kotlin-util-io/2.0.21/kotlin-util-io-2.0.21.jar, /Users/tolu/.gradle/caches/modules-2/files-2.1/org.jetbrains.kotlin/kotlin-util-io/2.0.21/4467ad395771e3d12ca864fd9949e1404920f558/kotlin-util-io-2.0.21.jar]
Downloading https://repo.maven.apache.org/maven2/io/netty/netty-codec-socks/4.1.93.Final/netty-codec-socks-4.1.93.Final.jar to /Users/tolu/.gradle/.tmp/gradle_download2303692731129512652bin
Downloading https://repo.maven.apache.org/maven2/io/netty/netty-codec/4.1.93.Final/netty-codec-4.1.93.Final.jar to /Users/tolu/.gradle/.tmp/gradle_download12088063269655827337bin
Downloading https://repo.maven.apache.org/maven2/io/netty/netty-transport/4.1.93.Final/netty-transport-4.1.93.Final.jar to /Users/tolu/.gradle/.tmp/gradle_download58330052622019717bin
Downloading https://repo.maven.apache.org/maven2/io/netty/netty-buffer/4.1.93.Final/netty-buffer-4.1.93.Final.jar to /Users/tolu/.gradle/.tmp/gradle_download8852997709063786546bin
Downloading https://repo.maven.apache.org/maven2/io/netty/netty-resolver/4.1.93.Final/netty-resolver-4.1.93.Final.jar to /Users/tolu/.gradle/.tmp/gradle_download15982959284350883025bin
Downloading https://repo.maven.apache.org/maven2/io/netty/netty-common/4.1.93.Final/netty-common-4.1.93.Final.jar to /Users/tolu/.gradle/.tmp/gradle_download8539324119786556253bin
Caching disabled for InstrumentationAnalysisTransform: /Users/tolu/.gradle/caches/modules-2/files-2.1/org.jetbrains.kotlin/kotlin-gradle-plugin/2.0.21/ea69d8de091115a98ce7f3901994b2fb3432480b/kotlin-gradle-plugin-2.0.21-gradle85.jar because:
  Build cache is disabled
  Caching not enabled.
Caching disabled for InstrumentationAnalysisTransform: /Users/tolu/.gradle/caches/modules-2/files-2.1/org.jetbrains.kotlin/kotlin-gradle-plugin-api/2.0.21/2fe6828d39788b439f1a44576c4fd2d98862e77b/kotlin-gradle-plugin-api-2.0.21.jar because:
  Build cache is disabled
  Caching not enabled.
Caching disabled for InstrumentationAnalysisTransform: /Users/tolu/.gradle/caches/modules-2/files-2.1/com.android.tools.build/gradle/8.7.0/dc72b94c74e31da237cc4c267503eeedcab90e01/gradle-8.7.0.jar because:
  Build cache is disabled
  Caching not enabled.
Caching disabled for InstrumentationAnalysisTransform: /Users/tolu/.gradle/caches/modules-2/files-2.1/org.jetbrains.kotlin/kotlin-gradle-plugin-model/2.0.21/3672a6bafb29cdb53c10ca1e13f6c8c75af0f8eb/kotlin-gradle-plugin-model-2.0.21.jar because:
  Build cache is disabled
  Caching not enabled.
Caching disabled for InstrumentationAnalysisTransform: /Users/tolu/.gradle/caches/modules-2/files-2.1/com.android.tools.build/gradle-settings-api/8.7.0/685c7792865081f91fb3046c804f096c49dc7913/gradle-settings-api-8.7.0.jar because:
  Build cache is disabled
  Caching not enabled.
Caching disabled for InstrumentationAnalysisTransform: /Users/tolu/.gradle/caches/modules-2/files-2.1/com.android.tools.lint/lint-model/31.7.0/97083bcf1d06633487523abd3e340ea216e988d2/lint-model-31.7.0.jar because:
  Build cache is disabled
  Caching not enabled.
Caching disabled for InstrumentationAnalysisTransform: /Users/tolu/.gradle/caches/modules-2/files-2.1/com.android.tools.build/builder/8.7.0/3e992622ed43bc1e386c996e1c13afcedd0a1854/builder-8.7.0.jar because:
  Build cache is disabled
  Caching not enabled.
Caching disabled for InstrumentationAnalysisTransform: /Users/tolu/.gradle/caches/modules-2/files-2.1/com.android.tools.build/manifest-merger/31.7.0/aa5dadb463e050c342873a24ce452018ab3ce4f1/manifest-merger-31.7.0.jar because:
  Build cache is disabled
  Caching not enabled.
Caching disabled for InstrumentationAnalysisTransform: /Users/tolu/.gradle/caches/modules-2/files-2.1/com.android.tools/sdk-common/31.7.0/d17c3d28724a5f3e90a5ae053714627b740ff80c/sdk-common-31.7.0.jar because:
  Build cache is disabled
  Caching not enabled.
Caching disabled for InstrumentationAnalysisTransform: /Users/tolu/.gradle/caches/modules-2/files-2.1/com.android.tools/sdklib/31.7.0/adb7cac2ab282100e2b8b6d66b997a69ed06adf/sdklib-31.7.0.jar because:
  Build cache is disabled
  Caching not enabled.
Caching disabled for InstrumentationAnalysisTransform: /Users/tolu/.gradle/caches/modules-2/files-2.1/com.android.tools/repository/31.7.0/97e2e59d682d3f40706ec140f74e784bca0dc6dc/repository-31.7.0.jar because:
  Build cache is disabled
  Caching not enabled.
Caching disabled for InstrumentationAnalysisTransform: /Users/tolu/.gradle/caches/modules-2/files-2.1/com.android.tools.build/builder-test-api/8.7.0/27d2749d868ec3e16dce3f687801435cb17f62ca/builder-test-api-8.7.0.jar because:
  Build cache is disabled
  Caching not enabled.
Caching disabled for InstrumentationAnalysisTransform: /Users/tolu/.gradle/caches/modules-2/files-2.1/com.android.tools.build/gradle-api/8.7.0/5ca53415293e7c3ed526b2165767e45f81343822/gradle-api-8.7.0.jar because:
  Build cache is disabled
  Caching not enabled.
Caching disabled for InstrumentationAnalysisTransform: /Users/tolu/.gradle/caches/modules-2/files-2.1/com.android.tools.ddms/ddmlib/31.7.0/525b44de6936a7c487095652f014d0bfc84bb9ad/ddmlib-31.7.0.jar because:
  Build cache is disabled
  Caching not enabled.
Caching disabled for InstrumentationAnalysisTransform: /Users/tolu/.gradle/caches/modules-2/files-2.1/com.android.tools.build/aaptcompiler/8.7.0/89976d4ba1c9c21a758571c824ee867190647800/aaptcompiler-8.7.0.jar because:
  Build cache is disabled
  Caching not enabled.
Caching disabled for InstrumentationAnalysisTransform: /Users/tolu/.gradle/caches/modules-2/files-2.1/com.android.tools.build/bundletool/1.17.1/267feb0f9bcff527cdf35a3544d77ad4d3e636dd/bundletool-1.17.1.jar because:
  Build cache is disabled
  Caching not enabled.
Caching disabled for InstrumentationAnalysisTransform: /Users/tolu/.gradle/caches/modules-2/files-2.1/com.android.tools.build/aapt2-proto/8.7.0-12006047/98413e854cd86e4e5ede40eb679947f4a85759/aapt2-proto-8.7.0-12006047.jar because:
  Build cache is disabled
  Caching not enabled.
Caching disabled for InstrumentationAnalysisTransform: /Users/tolu/.gradle/caches/modules-2/files-2.1/com.android.tools.analytics-library/crash/31.7.0/80c9f1f06e8d48d60fa91f4db811cf863e13c67f/crash-31.7.0.jar because:
  Build cache is disabled
  Caching not enabled.
Caching disabled for InstrumentationAnalysisTransform: /Users/tolu/.gradle/caches/modules-2/files-2.1/com.android.tools.analytics-library/tracker/31.7.0/4f92e4165dc453485633b1461e1b822451484000/tracker-31.7.0.jar because:
  Build cache is disabled
  Caching not enabled.
Caching disabled for InstrumentationAnalysisTransform: /Users/tolu/.gradle/caches/modules-2/files-2.1/com.android.tools.analytics-library/shared/31.7.0/c7741b6bc45fcd3e0bb9dc82739a84273922fb05/shared-31.7.0.jar because:
  Build cache is disabled
  Caching not enabled.
Caching disabled for InstrumentationAnalysisTransform: /Users/tolu/.gradle/caches/modules-2/files-2.1/com.android.tools.lint/lint-typedef-remover/31.7.0/644ab9b8a697ba83702c4e32eaaf95c504e1a522/lint-typedef-remover-31.7.0.jar because:
  Build cache is disabled
  Caching not enabled.
Caching disabled for InstrumentationAnalysisTransform: /Users/tolu/.gradle/caches/modules-2/files-2.1/androidx.databinding/databinding-compiler-common/8.7.0/41f4950b59f498b6d583967ae274bd898863b522/databinding-compiler-common-8.7.0.jar because:
  Build cache is disabled
  Caching not enabled.
Caching disabled for InstrumentationAnalysisTransform: /Users/tolu/.gradle/caches/modules-2/files-2.1/androidx.databinding/databinding-common/8.7.0/2be3530b78477835e69dce953b17adc1dbc5c6fa/databinding-common-8.7.0.jar because:
  Build cache is disabled
  Caching not enabled.
Caching disabled for InstrumentationAnalysisTransform: /Users/tolu/.gradle/caches/modules-2/files-2.1/com.android.databinding/baseLibrary/8.7.0/7e7399239e52d4069896277615e005add7ae8e5a/baseLibrary-8.7.0.jar because:
  Build cache is disabled
  Caching not enabled.
Caching disabled for InstrumentationAnalysisTransform: /Users/tolu/.gradle/caches/modules-2/files-2.1/com.android.tools.layoutlib/layoutlib-api/31.7.0/6abada4555fa60825ea5f353443a7e561445c4f0/layoutlib-api-31.7.0.jar because:
  Build cache is disabled
  Caching not enabled.
Caching disabled for InstrumentationAnalysisTransform: /Users/tolu/.gradle/caches/modules-2/files-2.1/com.android.tools.utp/android-device-provider-ddmlib-proto/31.7.0/732647a1df2d9405dbbc944ccb1a9153d7dc3e3a/android-device-provider-ddmlib-proto-31.7.0.jar because:
  Build cache is disabled
  Caching not enabled.
Caching disabled for InstrumentationAnalysisTransform: /Users/tolu/.gradle/caches/modules-2/files-2.1/com.android.tools.utp/android-device-provider-gradle-proto/31.7.0/9f4923a6c0e213f00c1cc31720d1535f2d8517fe/android-device-provider-gradle-proto-31.7.0.jar because:
  Build cache is disabled
  Caching not enabled.
Caching disabled for InstrumentationAnalysisTransform: /Users/tolu/.gradle/caches/modules-2/files-2.1/com.android.tools.utp/android-device-provider-profile-proto/31.7.0/5d4fe489b09ee45524d665a175aad834ecf2c81d/android-device-provider-profile-proto-31.7.0.jar because:
  Build cache is disabled
  Caching not enabled.
Caching disabled for InstrumentationAnalysisTransform: /Users/tolu/.gradle/caches/modules-2/files-2.1/com.android.tools.utp/android-test-plugin-host-additional-test-output-proto/31.7.0/c02332c53d95a3e0ccd7ad9d6d97f8fec5d1a469/android-test-plugin-host-additional-test-output-proto-31.7.0.jar because:
  Build cache is disabled
  Caching not enabled.
Caching disabled for InstrumentationAnalysisTransform: /Users/tolu/.gradle/caches/modules-2/files-2.1/com.android.tools.utp/android-test-plugin-host-coverage-proto/31.7.0/c780344aab70a33c454ad697295e12278fed16db/android-test-plugin-host-coverage-proto-31.7.0.jar because:
  Build cache is disabled
  Caching not enabled.
Caching disabled for InstrumentationAnalysisTransform: /Users/tolu/.gradle/caches/modules-2/files-2.1/com.android.tools.utp/android-test-plugin-host-emulator-control-proto/31.7.0/faaddb0258a839e6ab89fe2acbe20ce29b403b43/android-test-plugin-host-emulator-control-proto-31.7.0.jar because:
  Build cache is disabled
  Caching not enabled.
Caching disabled for InstrumentationAnalysisTransform: /Users/tolu/.gradle/caches/modules-2/files-2.1/com.android.tools.utp/android-test-plugin-host-logcat-proto/31.7.0/d8f873c14c5c65746b97801c2c6cae506d0b3d29/android-test-plugin-host-logcat-proto-31.7.0.jar because:
  Build cache is disabled
  Caching not enabled.
Caching disabled for InstrumentationAnalysisTransform: /Users/tolu/.gradle/caches/modules-2/files-2.1/com.android.tools.utp/android-test-plugin-host-apk-installer-proto/31.7.0/695cf71232626eeca4d84f72314196b270ca1c11/android-test-plugin-host-apk-installer-proto-31.7.0.jar because:
  Build cache is disabled
  Caching not enabled.
Caching disabled for InstrumentationAnalysisTransform: /Users/tolu/.gradle/caches/modules-2/files-2.1/com.android.tools.utp/android-test-plugin-host-retention-proto/31.7.0/8ef946d4477f3b40b3bcb7d151131483b6d77d67/android-test-plugin-host-retention-proto-31.7.0.jar because:
  Build cache is disabled
  Caching not enabled.
Caching disabled for InstrumentationAnalysisTransform: /Users/tolu/.gradle/caches/modules-2/files-2.1/com.android.tools.build/builder-model/8.7.0/a5b8da9ab17f9dcbe3d39eec0081aa9786e88637/builder-model-8.7.0.jar because:
  Build cache is disabled
  Caching not enabled.
Caching disabled for InstrumentationAnalysisTransform: /Users/tolu/.gradle/caches/modules-2/files-2.1/com.android.tools.utp/android-test-plugin-result-listener-gradle-proto/31.7.0/f51d5e35aa252438265500d79fc2d314b7555b94/android-test-plugin-result-listener-gradle-proto-31.7.0.jar because:
  Build cache is disabled
  Caching not enabled.
Caching disabled for InstrumentationAnalysisTransform: /Users/tolu/.gradle/caches/modules-2/files-2.1/com.android.tools/dvlib/31.7.0/2632b8524a1f8673e394f5e8477172884d90ed3f/dvlib-31.7.0.jar because:
  Build cache is disabled
  Caching not enabled.
Caching disabled for InstrumentationAnalysisTransform: /Users/tolu/.gradle/caches/modules-2/files-2.1/com.android.tools/common/31.7.0/1c142e0e9068bcd35ad06d1d7832f87b3e0d47fd/common-31.7.0.jar because:
  Build cache is disabled
  Caching not enabled.
Caching disabled for InstrumentationAnalysisTransform: /Users/tolu/.gradle/caches/modules-2/files-2.1/org.jetbrains.kotlin/kotlin-reflect/1.9.20/34eeb4eed5f493cdbb760ef50a5653ec414006bf/kotlin-reflect-1.9.20.jar because:
  Build cache is disabled
  Caching not enabled.
Caching disabled for InstrumentationAnalysisTransform: /Users/tolu/.gradle/caches/modules-2/files-2.1/org.jetbrains.kotlin/kotlin-stdlib-jdk7/1.9.20/8b4b73f4e08efaae93fc01d8c6eaab58a72d2ab3/kotlin-stdlib-jdk7-1.9.20.jar because:
  Build cache is disabled
  Caching not enabled.
Caching disabled for InstrumentationAnalysisTransform: /Users/tolu/.gradle/caches/modules-2/files-2.1/org.jetbrains.kotlin/kotlin-stdlib/1.9.20/e58b4816ac517e9cc5df1db051120c63d4cde669/kotlin-stdlib-1.9.20.jar because:
  Build cache is disabled
  Caching not enabled.
Caching disabled for InstrumentationAnalysisTransform: /Users/tolu/.gradle/caches/modules-2/files-2.1/org.jetbrains.kotlin/kotlin-stdlib-jdk8/1.9.20/e2b4d1f475ae0606d063a84fce4dccdb45c7e12a/kotlin-stdlib-jdk8-1.9.20.jar because:
  Build cache is disabled
  Caching not enabled.
Caching disabled for InstrumentationAnalysisTransform: /Users/tolu/.gradle/caches/modules-2/files-2.1/commons-io/commons-io/2.13.0/8bb2bc9b4df17e2411533a0708a69f983bf5e83b/commons-io-2.13.0.jar because:
  Build cache is disabled
  Caching not enabled.
Caching disabled for InstrumentationAnalysisTransform: /Users/tolu/.gradle/caches/modules-2/files-2.1/org.ow2.asm/asm-commons/9.6/f1a9e5508eff490744144565c47326c8648be309/asm-commons-9.6.jar because:
  Build cache is disabled
  Caching not enabled.
Caching disabled for InstrumentationAnalysisTransform: /Users/tolu/.gradle/caches/modules-2/files-2.1/org.ow2.asm/asm-util/9.6/f77caf84eb93786a749b2baa40865b9613e3eaee/asm-util-9.6.jar because:
  Build cache is disabled
  Caching not enabled.
Caching disabled for InstrumentationAnalysisTransform: /Users/tolu/.gradle/caches/modules-2/files-2.1/org.ow2.asm/asm-analysis/9.6/9ce6c7b174bd997fc2552dff47964546bd7a5ec3/asm-analysis-9.6.jar because:
  Build cache is disabled
  Caching not enabled.
Caching disabled for InstrumentationAnalysisTransform: /Users/tolu/.gradle/caches/modules-2/files-2.1/org.ow2.asm/asm-tree/9.6/c0cdda9d211e965d2a4448aa3fd86110f2f8c2de/asm-tree-9.6.jar because:
  Build cache is disabled
  Caching not enabled.
Caching disabled for InstrumentationAnalysisTransform: /Users/tolu/.gradle/caches/modules-2/files-2.1/org.ow2.asm/asm/9.6/aa205cf0a06dbd8e04ece91c0b37c3f5d567546a/asm-9.6.jar because:
  Build cache is disabled
  Caching not enabled.
Caching disabled for InstrumentationAnalysisTransform: /Users/tolu/.gradle/caches/modules-2/files-2.1/com.android.tools.build/apkzlib/8.7.0/d656b52facbb301b8bdc1e40a5ae008bcf335fe9/apkzlib-8.7.0.jar because:
  Build cache is disabled
  Caching not enabled.
Caching disabled for InstrumentationAnalysisTransform: /Users/tolu/.gradle/caches/modules-2/files-2.1/org.bouncycastle/bcpkix-jdk18on/1.77/ed953791ba0229747dd0fd9911e3d76a462acfd3/bcpkix-jdk18on-1.77.jar because:
  Build cache is disabled
  Caching not enabled.
Caching disabled for InstrumentationAnalysisTransform: /Users/tolu/.gradle/caches/modules-2/files-2.1/com.google.protobuf/protobuf-java-util/3.22.3/749cd4fe8ab52f37bc186193802ba19f5b284647/protobuf-java-util-3.22.3.jar because:
  Build cache is disabled
  Caching not enabled.
Caching disabled for InstrumentationAnalysisTransform: /Users/tolu/.gradle/caches/modules-2/files-2.1/io.grpc/grpc-protobuf/1.57.0/49986e40de6cbd14ba26247639b18ab0bac921c1/grpc-protobuf-1.57.0.jar because:
  Build cache is disabled
  Caching not enabled.
Caching disabled for InstrumentationAnalysisTransform: /Users/tolu/.gradle/caches/modules-2/files-2.1/com.android.tools.analytics-library/protos/31.7.0/71afde62826a0dd766603edb6ff96d291c138083/protos-31.7.0.jar because:
  Build cache is disabled
  Caching not enabled.
Caching disabled for InstrumentationAnalysisTransform: /Users/tolu/.gradle/caches/modules-2/files-2.1/com.google.api.grpc/proto-google-common-protos/2.17.0/7edf1e3aa96dc3861f7a8f24556c714e9c5b292/proto-google-common-protos-2.17.0.jar because:
  Build cache is disabled
  Caching not enabled.
Caching disabled for InstrumentationAnalysisTransform: /Users/tolu/.gradle/caches/modules-2/files-2.1/com.google.protobuf/protobuf-java/3.22.3/fdee98b8f6abab73f146a4edb4c09e56f8278d03/protobuf-java-3.22.3.jar because:
  Build cache is disabled
  Caching not enabled.
Caching disabled for InstrumentationAnalysisTransform: /Users/tolu/.gradle/caches/modules-2/files-2.1/io.grpc/grpc-netty/1.57.0/99cc01516c2fd1d134bf2585c2b38fa400804986/grpc-netty-1.57.0.jar because:
  Build cache is disabled
  Caching not enabled.
Caching disabled for InstrumentationAnalysisTransform: /Users/tolu/.gradle/caches/modules-2/files-2.1/org.jetbrains.kotlin/kotlin-build-statistics/2.0.21/b5d6b9bf90684ba3aa5fdd524761bfa51c9cddc8/kotlin-build-statistics-2.0.21.jar because:
  Build cache is disabled
  Caching not enabled.
Caching disabled for InstrumentationAnalysisTransform: /Users/tolu/.gradle/caches/modules-2/files-2.1/io.grpc/grpc-core/1.57.0/2b6ef5166f31315098fff9bb85f33ab5fed58f6b/grpc-core-1.57.0.jar because:
  Build cache is disabled
  Caching not enabled.
Caching disabled for InstrumentationAnalysisTransform: /Users/tolu/.gradle/caches/modules-2/files-2.1/com.google.code.gson/gson/2.10.1/b3add478d4382b78ea20b1671390a858002feb6c/gson-2.10.1.jar because:
  Build cache is disabled
  Caching not enabled.
Caching disabled for InstrumentationAnalysisTransform: /Users/tolu/.gradle/caches/modules-2/files-2.1/io.grpc/grpc-stub/1.57.0/262e1469c080164d5e2459f4908394d66f4e8828/grpc-stub-1.57.0.jar because:
  Build cache is disabled
  Caching not enabled.
Caching disabled for InstrumentationAnalysisTransform: /Users/tolu/.gradle/caches/modules-2/files-2.1/com.google.testing.platform/core-proto/0.0.9-alpha02/ee54219cbb4a7fb83cdc528e9a85e0383f3ee726/core-proto-0.0.9-alpha02.jar because:
  Build cache is disabled
  Caching not enabled.
Caching disabled for InstrumentationAnalysisTransform: /Users/tolu/.gradle/caches/modules-2/files-2.1/org.jetbrains.kotlin/kotlin-gradle-plugin-idea-proto/2.0.21/7ee6324747edb846bb869955000c513797eaf6d7/kotlin-gradle-plugin-idea-proto-2.0.21.jar because:
  Build cache is disabled
  Caching not enabled.
Caching disabled for InstrumentationAnalysisTransform: /Users/tolu/.gradle/caches/modules-2/files-2.1/org.jetbrains.kotlin/kotlin-gradle-plugin-idea/2.0.21/dc54973fe68b0bb9b816bd04ef39648ca29526a6/kotlin-gradle-plugin-idea-2.0.21.jar because:
  Build cache is disabled
  Caching not enabled.
Caching disabled for InstrumentationAnalysisTransform: /Users/tolu/.gradle/caches/modules-2/files-2.1/org.jetbrains.kotlin/kotlin-klib-commonizer-api/2.0.21/499b6b114eda7ed8002ce438458f5baf273c5fa/kotlin-klib-commonizer-api-2.0.21.jar because:
  Build cache is disabled
  Caching not enabled.
Caching disabled for InstrumentationAnalysisTransform: /Users/tolu/.gradle/caches/modules-2/files-2.1/org.jetbrains.kotlin/kotlin-build-tools-api/2.0.21/612804301136399c0cc5c93f2366ef33fd0afdc3/kotlin-build-tools-api-2.0.21.jar because:
  Build cache is disabled
  Caching not enabled.
Caching disabled for InstrumentationAnalysisTransform: /Users/tolu/.gradle/caches/modules-2/files-2.1/org.jetbrains.kotlin/kotlin-compiler-runner/2.0.21/ea7301e9ee0a6cf310b67619709d578dd57896dc/kotlin-compiler-runner-2.0.21.jar because:
  Build cache is disabled
  Caching not enabled.
Caching disabled for InstrumentationAnalysisTransform: /Users/tolu/.gradle/caches/modules-2/files-2.1/org.jetbrains.kotlin/kotlin-native-utils/2.0.21/ccdbc49a5d23f7ab782fbdff20c9426cf074f2d7/kotlin-native-utils-2.0.21.jar because:
  Build cache is disabled
  Caching not enabled.
Caching disabled for InstrumentationAnalysisTransform: /Users/tolu/.gradle/caches/modules-2/files-2.1/org.jetbrains.kotlin/kotlin-util-klib/2.0.21/cc042c4a50a1ee46695a8f2f928c196223bdd7dc/kotlin-util-klib-2.0.21.jar because:
  Build cache is disabled
  Caching not enabled.
Caching disabled for InstrumentationAnalysisTransform: /Users/tolu/.gradle/caches/modules-2/files-2.1/org.jetbrains.kotlin/kotlin-compiler-embeddable/2.0.21/79346ed53db48b18312a472602eb5c057070c54d/kotlin-compiler-embeddable-2.0.21.jar because:
  Build cache is disabled
  Caching not enabled.
Caching disabled for InstrumentationAnalysisTransform: /Users/tolu/.gradle/caches/modules-2/files-2.1/io.grpc/grpc-protobuf-lite/1.57.0/ca0084219b71d29cd9bfc3b81780aca91a965753/grpc-protobuf-lite-1.57.0.jar because:
  Build cache is disabled
  Caching not enabled.
Caching disabled for InstrumentationAnalysisTransform: /Users/tolu/.gradle/caches/modules-2/files-2.1/io.grpc/grpc-context/1.57.0/8d8f26a9b0bed637ee4592e1df3ef134ed2c54fd/grpc-context-1.57.0.jar because:
  Build cache is disabled
  Caching not enabled.
Caching disabled for InstrumentationAnalysisTransform: /Users/tolu/.gradle/caches/modules-2/files-2.1/io.grpc/grpc-api/1.57.0/768ab3e583b213a3672ec776e70765b594e8bbe5/grpc-api-1.57.0.jar because:
  Build cache is disabled
  Caching not enabled.
Caching disabled for InstrumentationAnalysisTransform: /Users/tolu/.gradle/caches/modules-2/files-2.1/com.google.guava/guava/32.0.1-jre/6e5d51a72d142f2d40a57dfb897188b36a95b489/guava-32.0.1-jre.jar because:
  Build cache is disabled
  Caching not enabled.
Caching disabled for InstrumentationAnalysisTransform: /Users/tolu/.gradle/caches/modules-2/files-2.1/org.bouncycastle/bcutil-jdk18on/1.77/de3eaef351545fe8562cf29ddff4a403a45b49b7/bcutil-jdk18on-1.77.jar because:
  Build cache is disabled
  Caching not enabled.
Caching disabled for InstrumentationAnalysisTransform: /Users/tolu/.gradle/caches/modules-2/files-2.1/org.bouncycastle/bcprov-jdk18on/1.77/2cc971b6c20949c1ff98d1a4bc741ee848a09523/bcprov-jdk18on-1.77.jar because:
  Build cache is disabled
  Caching not enabled.
Caching disabled for InstrumentationAnalysisTransform: /Users/tolu/.gradle/caches/modules-2/files-2.1/com.android/signflinger/8.7.0/13f035dd8e7e470ff8f3216a0b46333187f26df5/signflinger-8.7.0.jar because:
  Build cache is disabled
  Caching not enabled.
Caching disabled for InstrumentationAnalysisTransform: /Users/tolu/.gradle/caches/modules-2/files-2.1/com.android/zipflinger/8.7.0/de8e3267995699af356740cf562cbedb485f5763/zipflinger-8.7.0.jar because:
  Build cache is disabled
  Caching not enabled.
Caching disabled for InstrumentationAnalysisTransform: /Users/tolu/.gradle/caches/modules-2/files-2.1/com.android.tools/annotations/31.7.0/1946e7f75bc1615b4abfc0f83899934dfcbdf1fc/annotations-31.7.0.jar because:
  Build cache is disabled
  Caching not enabled.
Caching disabled for InstrumentationAnalysisTransform: /Users/tolu/.gradle/caches/modules-2/files-2.1/com.google.errorprone/error_prone_annotations/2.18.0/89b684257096f548fa39a7df9fdaa409d4d4df91/error_prone_annotations-2.18.0.jar because:
  Build cache is disabled
  Caching not enabled.
Caching disabled for InstrumentationAnalysisTransform: /Users/tolu/.gradle/caches/modules-2/files-2.1/com.google.j2objc/j2objc-annotations/2.8/c85270e307e7b822f1086b93689124b89768e273/j2objc-annotations-2.8.jar because:
  Build cache is disabled
  Caching not enabled.
Caching disabled for InstrumentationAnalysisTransform: /Users/tolu/.gradle/caches/modules-2/files-2.1/org.codehaus.mojo/animal-sniffer-annotations/1.23/3c0daebd5f0e1ce72cc50c818321ac957aeb5d70/animal-sniffer-annotations-1.23.jar because:
  Build cache is disabled
  Caching not enabled.
Caching disabled for InstrumentationAnalysisTransform: /Users/tolu/.gradle/caches/modules-2/files-2.1/io.perfmark/perfmark-api/0.26.0/ef65452adaf20bf7d12ef55913aba24037b82738/perfmark-api-0.26.0.jar because:
  Build cache is disabled
  Caching not enabled.
Caching disabled for InstrumentationAnalysisTransform: /Users/tolu/.gradle/caches/modules-2/files-2.1/io.netty/netty-codec-http2/4.1.93.Final/f1625b43bde13ec057da0d2fe381ded2547a70e/netty-codec-http2-4.1.93.Final.jar because:
  Build cache is disabled
  Caching not enabled.
Caching disabled for InstrumentationAnalysisTransform: /Users/tolu/.gradle/caches/modules-2/files-2.1/io.netty/netty-handler-proxy/4.1.93.Final/c165c1efe1b9c0cc22546a057b530611a088768b/netty-handler-proxy-4.1.93.Final.jar because:
  Build cache is disabled
  Caching not enabled.
Caching disabled for InstrumentationAnalysisTransform: /Users/tolu/.gradle/caches/modules-2/files-2.1/io.netty/netty-codec-http/4.1.93.Final/36acf0c94d03eb6ecef78a749a32cbb7dc0c57b4/netty-codec-http-4.1.93.Final.jar because:
  Build cache is disabled
  Caching not enabled.
Caching disabled for InstrumentationAnalysisTransform: /Users/tolu/.gradle/caches/modules-2/files-2.1/io.netty/netty-handler/4.1.93.Final/10f7ed9d8e1bfcba416074c70e5388be96116bfc/netty-handler-4.1.93.Final.jar because:
  Build cache is disabled
  Caching not enabled.
Caching disabled for InstrumentationAnalysisTransform: /Users/tolu/.gradle/caches/modules-2/files-2.1/io.netty/netty-transport-native-unix-common/4.1.93.Final/f4fb8b4c8da539091f43abcbb9f0389e48807eea/netty-transport-native-unix-common-4.1.93.Final.jar because:
  Build cache is disabled
  Caching not enabled.
Caching disabled for InstrumentationAnalysisTransform: /Users/tolu/.gradle/caches/modules-2/files-2.1/org.checkerframework/checker-qual/3.33.0/de2b60b62da487644fc11f734e73c8b0b431238f/checker-qual-3.33.0.jar because:
  Build cache is disabled
  Caching not enabled.
Caching disabled for InstrumentationAnalysisTransform: /Users/tolu/.gradle/caches/modules-2/files-2.1/com.android.tools.build/apksig/8.7.0/f005788487574c7d6ba23dea63bf8cb3a4f164a6/apksig-8.7.0.jar because:
  Build cache is disabled
  Caching not enabled.
Caching disabled for InstrumentationAnalysisTransform: /Users/tolu/.gradle/caches/modules-2/files-2.1/org.jetbrains.kotlin/kotlin-gradle-plugin-annotations/2.0.21/585ea547101485df5165acbffc51b760b0bf2728/kotlin-gradle-plugin-annotations-2.0.21.jar because:
  Build cache is disabled
  Caching not enabled.
Caching disabled for InstrumentationAnalysisTransform: /Users/tolu/.gradle/caches/modules-2/files-2.1/org.jetbrains.kotlin/kotlin-tooling-core/2.0.21/952179e9b7f114e78274ca73cea6df8fce3c8b3b/kotlin-tooling-core-2.0.21.jar because:
  Build cache is disabled
  Caching not enabled.
Caching disabled for InstrumentationAnalysisTransform: /Users/tolu/.gradle/caches/modules-2/files-2.1/org.jetbrains.kotlin/kotlin-daemon-client/2.0.21/10cbd364d0703452050d9c4925fd24a6fec7e8d9/kotlin-daemon-client-2.0.21.jar because:
  Build cache is disabled
  Caching not enabled.
Caching disabled for InstrumentationAnalysisTransform: /Users/tolu/.gradle/caches/modules-2/files-2.1/org.jetbrains.kotlinx/kotlinx-coroutines-core-jvm/1.6.4/2c997cd1c0ef33f3e751d3831929aeff1390cb30/kotlinx-coroutines-core-jvm-1.6.4.jar because:
  Build cache is disabled
  Caching not enabled.
Caching disabled for InstrumentationAnalysisTransform: /Users/tolu/.gradle/caches/modules-2/files-2.1/org.jetbrains.kotlin/kotlin-util-io/2.0.21/4467ad395771e3d12ca864fd9949e1404920f558/kotlin-util-io-2.0.21.jar because:
  Build cache is disabled
  Caching not enabled.
Caching disabled for InstrumentationAnalysisTransform: /Users/tolu/.gradle/caches/modules-2/files-2.1/org.jetbrains.kotlin/kotlin-daemon-embeddable/2.0.21/c9e933b23287de9b5a17e2116b4657bb91aea72c/kotlin-daemon-embeddable-2.0.21.jar because:
  Build cache is disabled
  Caching not enabled.
Caching disabled for InstrumentationAnalysisTransform: /Users/tolu/.gradle/caches/modules-2/files-2.1/io.netty/netty-codec-socks/4.1.93.Final/81ca78969afc60073e47c3b7b361cc3839392c73/netty-codec-socks-4.1.93.Final.jar because:
  Build cache is disabled
  Caching not enabled.
Caching disabled for InstrumentationAnalysisTransform: /Users/tolu/.gradle/caches/modules-2/files-2.1/io.netty/netty-codec/4.1.93.Final/503badb458b6586632be8d1f81aa4e5ab99a80fc/netty-codec-4.1.93.Final.jar because:
  Build cache is disabled
  Caching not enabled.
Caching disabled for InstrumentationAnalysisTransform: /Users/tolu/.gradle/caches/modules-2/files-2.1/io.netty/netty-transport/4.1.93.Final/1a0894915c8027ce83b4d6a811c4e765955efd15/netty-transport-4.1.93.Final.jar because:
  Build cache is disabled
  Caching not enabled.
Caching disabled for InstrumentationAnalysisTransform: /Users/tolu/.gradle/caches/modules-2/files-2.1/io.netty/netty-buffer/4.1.93.Final/87fac21f4ef95157866b07b48e3c707a2f13c581/netty-buffer-4.1.93.Final.jar because:
  Build cache is disabled
  Caching not enabled.
Caching disabled for InstrumentationAnalysisTransform: /Users/tolu/.gradle/caches/modules-2/files-2.1/io.netty/netty-resolver/4.1.93.Final/3860e99075f9e078364ed38f6d6fc8825b7a168a/netty-resolver-4.1.93.Final.jar because:
  Build cache is disabled
  Caching not enabled.
Caching disabled for InstrumentationAnalysisTransform: /Users/tolu/.gradle/caches/modules-2/files-2.1/io.netty/netty-common/4.1.93.Final/1cfc49b91b0d3ddb30c9f7d8467e5d02ae8babdf/netty-common-4.1.93.Final.jar because:
  Build cache is disabled
  Caching not enabled.
Caching disabled for MergeInstrumentationAnalysisTransform: /Users/tolu/.gradle/caches/8.14.3/transforms/72cf957150f2b07914b3407756330ebc/transformed/.gradle-instrumented-classpath.marker because:
  Build cache is disabled
  Caching not enabled.
Caching disabled for MergeInstrumentationAnalysisTransform: /Users/tolu/.gradle/caches/8.14.3/transforms/72cf957150f2b07914b3407756330ebc/transformed/analysis/instrumentation-hierarchy.bin because:
  Build cache is disabled
  Caching not enabled.
Caching disabled for MergeInstrumentationAnalysisTransform: /Users/tolu/.gradle/caches/8.14.3/transforms/dcb4cc3761e6da36bcb5956933ebc749/transformed/analysis/instrumentation-hierarchy.bin because:
  Build cache is disabled
  Caching not enabled.
Caching disabled for MergeInstrumentationAnalysisTransform: /Users/tolu/.gradle/caches/8.14.3/transforms/6d4d7ddc7567aefc12db8d75cf87933b/transformed/analysis/instrumentation-hierarchy.bin because:
  Build cache is disabled
  Caching not enabled.
Caching disabled for MergeInstrumentationAnalysisTransform: /Users/tolu/.gradle/caches/8.14.3/transforms/c78b1bb1a6c1e3d78c2a665c8720e3ac/transformed/analysis/instrumentation-hierarchy.bin because:
  Build cache is disabled
  Caching not enabled.
Caching disabled for MergeInstrumentationAnalysisTransform: /Users/tolu/.gradle/caches/8.14.3/transforms/58d0d9fafc075664b787769c1cc3f213/transformed/analysis/instrumentation-hierarchy.bin because:
  Build cache is disabled
  Caching not enabled.
Caching disabled for MergeInstrumentationAnalysisTransform: /Users/tolu/.gradle/caches/8.14.3/transforms/97f19a483dde63d14b905f98eb34451b/transformed/analysis/instrumentation-hierarchy.bin because:
  Build cache is disabled
  Caching not enabled.
Caching disabled for MergeInstrumentationAnalysisTransform: /Users/tolu/.gradle/caches/8.14.3/transforms/152544394ce5bad7b3c901c7eefc82f8/transformed/analysis/instrumentation-hierarchy.bin because:
  Build cache is disabled
  Caching not enabled.
Caching disabled for MergeInstrumentationAnalysisTransform: /Users/tolu/.gradle/caches/8.14.3/transforms/72cf957150f2b07914b3407756330ebc/transformed/analysis/instrumentation-dependencies.bin because:
  Build cache is disabled
  Caching not enabled.
Caching disabled for MergeInstrumentationAnalysisTransform: /Users/tolu/.gradle/caches/8.14.3/transforms/58d0d9fafc075664b787769c1cc3f213/transformed/analysis/instrumentation-dependencies.bin because:
  Build cache is disabled
  Caching not enabled.
Caching disabled for MergeInstrumentationAnalysisTransform: /Users/tolu/.gradle/caches/8.14.3/transforms/906721815a5019100543f05ced98cf5e/transformed/analysis/instrumentation-hierarchy.bin because:
  Build cache is disabled
  Caching not enabled.
Caching disabled for MergeInstrumentationAnalysisTransform: /Users/tolu/.gradle/caches/8.14.3/transforms/152544394ce5bad7b3c901c7eefc82f8/transformed/analysis/instrumentation-dependencies.bin because:
  Build cache is disabled
  Caching not enabled.
Caching disabled for MergeInstrumentationAnalysisTransform: /Users/tolu/.gradle/caches/8.14.3/transforms/97f19a483dde63d14b905f98eb34451b/transformed/analysis/instrumentation-dependencies.bin because:
  Build cache is disabled
  Caching not enabled.
Caching disabled for MergeInstrumentationAnalysisTransform: /Users/tolu/.gradle/caches/8.14.3/transforms/c78b1bb1a6c1e3d78c2a665c8720e3ac/transformed/analysis/instrumentation-dependencies.bin because:
  Build cache is disabled
  Caching not enabled.
Caching disabled for MergeInstrumentationAnalysisTransform: /Users/tolu/.gradle/caches/8.14.3/transforms/dcb4cc3761e6da36bcb5956933ebc749/transformed/analysis/instrumentation-dependencies.bin because:
  Build cache is disabled
  Caching not enabled.
Caching disabled for MergeInstrumentationAnalysisTransform: /Users/tolu/.gradle/caches/8.14.3/transforms/6d4d7ddc7567aefc12db8d75cf87933b/transformed/analysis/instrumentation-dependencies.bin because:
  Build cache is disabled
  Caching not enabled.
Caching disabled for MergeInstrumentationAnalysisTransform: /Users/tolu/.gradle/caches/8.14.3/transforms/906721815a5019100543f05ced98cf5e/transformed/analysis/instrumentation-dependencies.bin because:
  Build cache is disabled
  Caching not enabled.
Caching disabled for MergeInstrumentationAnalysisTransform: /Users/tolu/.gradle/caches/modules-2/files-2.1/org.jetbrains.kotlin/kotlin-gradle-plugin-model/2.0.21/3672a6bafb29cdb53c10ca1e13f6c8c75af0f8eb/kotlin-gradle-plugin-model-2.0.21.jar because:
  Build cache is disabled
  Caching not enabled.
Caching disabled for MergeInstrumentationAnalysisTransform: /Users/tolu/.gradle/caches/modules-2/files-2.1/com.android.tools.lint/lint-model/31.7.0/97083bcf1d06633487523abd3e340ea216e988d2/lint-model-31.7.0.jar because:
  Build cache is disabled
  Caching not enabled.
Caching disabled for MergeInstrumentationAnalysisTransform: /Users/tolu/.gradle/caches/modules-2/files-2.1/com.android.tools.build/gradle-settings-api/8.7.0/685c7792865081f91fb3046c804f096c49dc7913/gradle-settings-api-8.7.0.jar because:
  Build cache is disabled
  Caching not enabled.
Caching disabled for MergeInstrumentationAnalysisTransform: /Users/tolu/.gradle/caches/modules-2/files-2.1/com.android.tools.build/manifest-merger/31.7.0/aa5dadb463e050c342873a24ce452018ab3ce4f1/manifest-merger-31.7.0.jar because:
  Build cache is disabled
  Caching not enabled.
Caching disabled for MergeInstrumentationAnalysisTransform: /Users/tolu/.gradle/caches/modules-2/files-2.1/org.jetbrains.kotlin/kotlin-gradle-plugin-api/2.0.21/2fe6828d39788b439f1a44576c4fd2d98862e77b/kotlin-gradle-plugin-api-2.0.21.jar because:
  Build cache is disabled
  Caching not enabled.
Caching disabled for MergeInstrumentationAnalysisTransform: /Users/tolu/.gradle/caches/modules-2/files-2.1/com.android.tools.build/builder/8.7.0/3e992622ed43bc1e386c996e1c13afcedd0a1854/builder-8.7.0.jar because:
  Build cache is disabled
  Caching not enabled.
Caching disabled for MergeInstrumentationAnalysisTransform: /Users/tolu/.gradle/caches/modules-2/files-2.1/com.android.tools.build/gradle/8.7.0/dc72b94c74e31da237cc4c267503eeedcab90e01/gradle-8.7.0.jar because:
  Build cache is disabled
  Caching not enabled.
Caching disabled for MergeInstrumentationAnalysisTransform: /Users/tolu/.gradle/caches/modules-2/files-2.1/org.jetbrains.kotlin/kotlin-gradle-plugin/2.0.21/ea69d8de091115a98ce7f3901994b2fb3432480b/kotlin-gradle-plugin-2.0.21-gradle85.jar because:
  Build cache is disabled
  Caching not enabled.
Caching disabled for ExternalDependencyInstrumentingArtifactTransform: /Users/tolu/.gradle/caches/8.14.3/transforms/ee0ac71886b892aa1baac4aef8d578d8/transformed/merge/instrumentation-dependencies.bin because:
  Build cache is disabled
  Caching not enabled.
Caching disabled for ExternalDependencyInstrumentingArtifactTransform: /Users/tolu/.gradle/caches/8.14.3/transforms/a8ac2eb39e6fa02781b5306eeafebc7e/transformed/merge/instrumentation-dependencies.bin because:
  Build cache is disabled
  Caching not enabled.
Caching disabled for ExternalDependencyInstrumentingArtifactTransform: /Users/tolu/.gradle/caches/8.14.3/transforms/c90e29a05cde83f6b5d250fe44c18e73/transformed/merge/instrumentation-dependencies.bin because:
  Build cache is disabled
  Caching not enabled.
Caching disabled for ExternalDependencyInstrumentingArtifactTransform: /Users/tolu/.gradle/caches/8.14.3/transforms/964e13d8e0709dfe9bf22647817bea32/transformed/merge/instrumentation-dependencies.bin because:
  Build cache is disabled
  Caching not enabled.
Caching disabled for ExternalDependencyInstrumentingArtifactTransform: /Users/tolu/.gradle/caches/8.14.3/transforms/926ad3f28fddb6e8b7c6800f3540bf31/transformed/merge/instrumentation-dependencies.bin because:
  Build cache is disabled
  Caching not enabled.
Caching disabled for ExternalDependencyInstrumentingArtifactTransform: /Users/tolu/.gradle/caches/8.14.3/transforms/f7f2916820b6d30142861953c87f5765/transformed/merge/instrumentation-dependencies.bin because:
  Build cache is disabled
  Caching not enabled.
Caching disabled for ExternalDependencyInstrumentingArtifactTransform: /Users/tolu/.gradle/caches/8.14.3/transforms/92959a57de2c8e7634300f6d65a086d5/transformed/merge/instrumentation-dependencies.bin because:
  Build cache is disabled
  Caching not enabled.
Caching disabled for ExternalDependencyInstrumentingArtifactTransform: /Users/tolu/.gradle/caches/8.14.3/transforms/24ba0bede729bfb29dc1bb7f4b2d1522/transformed/merge/instrumentation-dependencies.bin because:
  Build cache is disabled
  Caching not enabled.
Caching disabled for ExternalDependencyInstrumentingArtifactTransform: /Users/tolu/.gradle/caches/modules-2/files-2.1/com.android.tools.build/gradle-settings-api/8.7.0/685c7792865081f91fb3046c804f096c49dc7913/gradle-settings-api-8.7.0.jar because:
  Build cache is disabled
  Caching not enabled.
Caching disabled for ExternalDependencyInstrumentingArtifactTransform: /Users/tolu/.gradle/caches/modules-2/files-2.1/org.jetbrains.kotlin/kotlin-gradle-plugin-model/2.0.21/3672a6bafb29cdb53c10ca1e13f6c8c75af0f8eb/kotlin-gradle-plugin-model-2.0.21.jar because:
  Build cache is disabled
  Caching not enabled.
Caching disabled for MergeInstrumentationAnalysisTransform: /Users/tolu/.gradle/caches/8.14.3/transforms/2144dc8f9cdeb2802c93a4f986cb9e87/transformed/analysis/instrumentation-hierarchy.bin because:
  Build cache is disabled
  Caching not enabled.
Caching disabled for MergeInstrumentationAnalysisTransform: /Users/tolu/.gradle/caches/8.14.3/transforms/6acc35f7ee19e857079806897c81d5f9/transformed/analysis/instrumentation-hierarchy.bin because:
  Build cache is disabled
  Caching not enabled.
Caching disabled for MergeInstrumentationAnalysisTransform: /Users/tolu/.gradle/caches/8.14.3/transforms/2144dc8f9cdeb2802c93a4f986cb9e87/transformed/analysis/instrumentation-dependencies.bin because:
  Build cache is disabled
  Caching not enabled.
Caching disabled for MergeInstrumentationAnalysisTransform: /Users/tolu/.gradle/caches/8.14.3/transforms/6acc35f7ee19e857079806897c81d5f9/transformed/analysis/instrumentation-dependencies.bin because:
  Build cache is disabled
  Caching not enabled.
Caching disabled for MergeInstrumentationAnalysisTransform: /Users/tolu/.gradle/caches/modules-2/files-2.1/com.android.tools/sdk-common/31.7.0/d17c3d28724a5f3e90a5ae053714627b740ff80c/sdk-common-31.7.0.jar because:
  Build cache is disabled
  Caching not enabled.
Caching disabled for MergeInstrumentationAnalysisTransform: /Users/tolu/.gradle/caches/modules-2/files-2.1/com.android.tools/sdklib/31.7.0/adb7cac2ab282100e2b8b6d66b997a69ed06adf/sdklib-31.7.0.jar because:
  Build cache is disabled
  Caching not enabled.
Caching disabled for ExternalDependencyInstrumentingArtifactTransform: /Users/tolu/.gradle/caches/8.14.3/transforms/4bc247412e8bfcb6a4b7870e85d70fa0/transformed/merge/instrumentation-dependencies.bin because:
  Build cache is disabled
  Caching not enabled.
Caching disabled for ExternalDependencyInstrumentingArtifactTransform: /Users/tolu/.gradle/caches/8.14.3/transforms/ee4c0a8916ffaf45977333c37f0428fb/transformed/merge/instrumentation-dependencies.bin because:
  Build cache is disabled
  Caching not enabled.
Caching disabled for ExternalDependencyInstrumentingArtifactTransform: /Users/tolu/.gradle/caches/modules-2/files-2.1/com.android.tools.lint/lint-model/31.7.0/97083bcf1d06633487523abd3e340ea216e988d2/lint-model-31.7.0.jar because:
  Build cache is disabled
  Caching not enabled.
Caching disabled for MergeInstrumentationAnalysisTransform: /Users/tolu/.gradle/caches/8.14.3/transforms/eeb64f89082ed17b97fddeebfde5811a/transformed/analysis/instrumentation-hierarchy.bin because:
  Build cache is disabled
  Caching not enabled.
Caching disabled for MergeInstrumentationAnalysisTransform: /Users/tolu/.gradle/caches/8.14.3/transforms/eeb64f89082ed17b97fddeebfde5811a/transformed/analysis/instrumentation-dependencies.bin because:
  Build cache is disabled
  Caching not enabled.
Caching disabled for MergeInstrumentationAnalysisTransform: /Users/tolu/.gradle/caches/modules-2/files-2.1/com.android.tools/repository/31.7.0/97e2e59d682d3f40706ec140f74e784bca0dc6dc/repository-31.7.0.jar because:
  Build cache is disabled
  Caching not enabled.
Caching disabled for ExternalDependencyInstrumentingArtifactTransform: /Users/tolu/.gradle/caches/8.14.3/transforms/d3a890de5421abddbffd4d76ab9cf47b/transformed/merge/instrumentation-dependencies.bin because:
  Build cache is disabled
  Caching not enabled.
Caching disabled for ExternalDependencyInstrumentingArtifactTransform: /Users/tolu/.gradle/caches/modules-2/files-2.1/org.jetbrains.kotlin/kotlin-gradle-plugin-api/2.0.21/2fe6828d39788b439f1a44576c4fd2d98862e77b/kotlin-gradle-plugin-api-2.0.21.jar because:
  Build cache is disabled
  Caching not enabled.
Caching disabled for MergeInstrumentationAnalysisTransform: /Users/tolu/.gradle/caches/8.14.3/transforms/0d4c7e8677a2c77d6ed3f7eea567cbad/transformed/analysis/instrumentation-hierarchy.bin because:
  Build cache is disabled
  Caching not enabled.
Caching disabled for MergeInstrumentationAnalysisTransform: /Users/tolu/.gradle/caches/8.14.3/transforms/0d4c7e8677a2c77d6ed3f7eea567cbad/transformed/analysis/instrumentation-dependencies.bin because:
  Build cache is disabled
  Caching not enabled.
Caching disabled for ExternalDependencyInstrumentingArtifactTransform: /Users/tolu/.gradle/caches/modules-2/files-2.1/com.android.tools.build/manifest-merger/31.7.0/aa5dadb463e050c342873a24ce452018ab3ce4f1/manifest-merger-31.7.0.jar because:
  Build cache is disabled
  Caching not enabled.
Caching disabled for MergeInstrumentationAnalysisTransform: /Users/tolu/.gradle/caches/modules-2/files-2.1/com.android.tools.build/gradle-api/8.7.0/5ca53415293e7c3ed526b2165767e45f81343822/gradle-api-8.7.0.jar because:
  Build cache is disabled
  Caching not enabled.
Caching disabled for MergeInstrumentationAnalysisTransform: /Users/tolu/.gradle/caches/8.14.3/transforms/ff3eb128c7a9cd046804416ede43e5dd/transformed/analysis/instrumentation-hierarchy.bin because:
  Build cache is disabled
  Caching not enabled.
Caching disabled for ExternalDependencyInstrumentingArtifactTransform: /Users/tolu/.gradle/caches/8.14.3/transforms/0ba7452a0cf59cfb7d2722197bc5ec31/transformed/merge/instrumentation-dependencies.bin because:
  Build cache is disabled
  Caching not enabled.
Caching disabled for MergeInstrumentationAnalysisTransform: /Users/tolu/.gradle/caches/8.14.3/transforms/ff3eb128c7a9cd046804416ede43e5dd/transformed/analysis/instrumentation-dependencies.bin because:
  Build cache is disabled
  Caching not enabled.
Caching disabled for MergeInstrumentationAnalysisTransform: /Users/tolu/.gradle/caches/modules-2/files-2.1/com.android.tools.build/builder-test-api/8.7.0/27d2749d868ec3e16dce3f687801435cb17f62ca/builder-test-api-8.7.0.jar because:
  Build cache is disabled
  Caching not enabled.
Caching disabled for ExternalDependencyInstrumentingArtifactTransform: /Users/tolu/.gradle/caches/8.14.3/transforms/c2570ba7a9606276018052c4d55d1fc9/transformed/merge/instrumentation-dependencies.bin because:
  Build cache is disabled
  Caching not enabled.
Caching disabled for ExternalDependencyInstrumentingArtifactTransform: /Users/tolu/.gradle/caches/modules-2/files-2.1/com.android.tools.build/builder-test-api/8.7.0/27d2749d868ec3e16dce3f687801435cb17f62ca/builder-test-api-8.7.0.jar because:
  Build cache is disabled
  Caching not enabled.
Caching disabled for MergeInstrumentationAnalysisTransform: /Users/tolu/.gradle/caches/8.14.3/transforms/ec36d1396d747309da8bfcd9d6e0c27b/transformed/analysis/instrumentation-hierarchy.bin because:
  Build cache is disabled
  Caching not enabled.
Caching disabled for MergeInstrumentationAnalysisTransform: /Users/tolu/.gradle/caches/8.14.3/transforms/ec36d1396d747309da8bfcd9d6e0c27b/transformed/analysis/instrumentation-dependencies.bin because:
  Build cache is disabled
  Caching not enabled.
Caching disabled for MergeInstrumentationAnalysisTransform: /Users/tolu/.gradle/caches/modules-2/files-2.1/com.android.tools.ddms/ddmlib/31.7.0/525b44de6936a7c487095652f014d0bfc84bb9ad/ddmlib-31.7.0.jar because:
  Build cache is disabled
  Caching not enabled.
Caching disabled for ExternalDependencyInstrumentingArtifactTransform: /Users/tolu/.gradle/caches/8.14.3/transforms/9f9c0a5577473402cfefa50de445eba6/transformed/merge/instrumentation-dependencies.bin because:
  Build cache is disabled
  Caching not enabled.
Caching disabled for ExternalDependencyInstrumentingArtifactTransform: /Users/tolu/.gradle/caches/modules-2/files-2.1/com.android.tools/repository/31.7.0/97e2e59d682d3f40706ec140f74e784bca0dc6dc/repository-31.7.0.jar because:
  Build cache is disabled
  Caching not enabled.
Caching disabled for MergeInstrumentationAnalysisTransform: /Users/tolu/.gradle/caches/8.14.3/transforms/04615c1d9cb4757965652ed65d32f744/transformed/analysis/instrumentation-hierarchy.bin because:
  Build cache is disabled
  Caching not enabled.
Caching disabled for MergeInstrumentationAnalysisTransform: /Users/tolu/.gradle/caches/8.14.3/transforms/04615c1d9cb4757965652ed65d32f744/transformed/analysis/instrumentation-dependencies.bin because:
  Build cache is disabled
  Caching not enabled.
Caching disabled for MergeInstrumentationAnalysisTransform: /Users/tolu/.gradle/caches/modules-2/files-2.1/com.android.tools.build/aaptcompiler/8.7.0/89976d4ba1c9c21a758571c824ee867190647800/aaptcompiler-8.7.0.jar because:
  Build cache is disabled
  Caching not enabled.
Caching disabled for ExternalDependencyInstrumentingArtifactTransform: /Users/tolu/.gradle/caches/8.14.3/transforms/da889929158d33255d4bcd734b7dd2cd/transformed/merge/instrumentation-dependencies.bin because:
  Build cache is disabled
  Caching not enabled.
Caching disabled for ExternalDependencyInstrumentingArtifactTransform: /Users/tolu/.gradle/caches/modules-2/files-2.1/com.android.tools.build/gradle-api/8.7.0/5ca53415293e7c3ed526b2165767e45f81343822/gradle-api-8.7.0.jar because:
  Build cache is disabled
  Caching not enabled.
Caching disabled for MergeInstrumentationAnalysisTransform: /Users/tolu/.gradle/caches/8.14.3/transforms/53b1373b8a3771c287f5c72e31242571/transformed/analysis/instrumentation-hierarchy.bin because:
  Build cache is disabled
  Caching not enabled.
Caching disabled for MergeInstrumentationAnalysisTransform: /Users/tolu/.gradle/caches/8.14.3/transforms/53b1373b8a3771c287f5c72e31242571/transformed/analysis/instrumentation-dependencies.bin because:
  Build cache is disabled
  Caching not enabled.
Caching disabled for MergeInstrumentationAnalysisTransform: /Users/tolu/.gradle/caches/modules-2/files-2.1/com.android.tools.build/bundletool/1.17.1/267feb0f9bcff527cdf35a3544d77ad4d3e636dd/bundletool-1.17.1.jar because:
  Build cache is disabled
  Caching not enabled.
Caching disabled for ExternalDependencyInstrumentingArtifactTransform: /Users/tolu/.gradle/caches/8.14.3/transforms/84057fccbb683cc6f4f24b8fae139ded/transformed/merge/instrumentation-dependencies.bin because:
  Build cache is disabled
  Caching not enabled.
Caching disabled for ExternalDependencyInstrumentingArtifactTransform: /Users/tolu/.gradle/caches/modules-2/files-2.1/com.android.tools/sdklib/31.7.0/adb7cac2ab282100e2b8b6d66b997a69ed06adf/sdklib-31.7.0.jar because:
  Build cache is disabled
  Caching not enabled.
Caching disabled for MergeInstrumentationAnalysisTransform: /Users/tolu/.gradle/caches/8.14.3/transforms/6695b6ab539c543527d4c05b9b1fb025/transformed/analysis/instrumentation-hierarchy.bin because:
  Build cache is disabled
  Caching not enabled.
Caching disabled for MergeInstrumentationAnalysisTransform: /Users/tolu/.gradle/caches/8.14.3/transforms/6695b6ab539c543527d4c05b9b1fb025/transformed/analysis/instrumentation-dependencies.bin because:
  Build cache is disabled
  Caching not enabled.
Caching disabled for MergeInstrumentationAnalysisTransform: /Users/tolu/.gradle/caches/modules-2/files-2.1/com.android.tools.build/aapt2-proto/8.7.0-12006047/98413e854cd86e4e5ede40eb679947f4a85759/aapt2-proto-8.7.0-12006047.jar because:
  Build cache is disabled
  Caching not enabled.
Caching disabled for ExternalDependencyInstrumentingArtifactTransform: /Users/tolu/.gradle/caches/8.14.3/transforms/d1ae031c274c4f85b81603e580f13ba6/transformed/merge/instrumentation-dependencies.bin because:
  Build cache is disabled
  Caching not enabled.
Caching disabled for ExternalDependencyInstrumentingArtifactTransform: /Users/tolu/.gradle/caches/modules-2/files-2.1/com.android.tools.ddms/ddmlib/31.7.0/525b44de6936a7c487095652f014d0bfc84bb9ad/ddmlib-31.7.0.jar because:
  Build cache is disabled
  Caching not enabled.
Caching disabled for MergeInstrumentationAnalysisTransform: /Users/tolu/.gradle/caches/8.14.3/transforms/13563d3364d87ae98ea165450481841d/transformed/analysis/instrumentation-hierarchy.bin because:
  Build cache is disabled
  Caching not enabled.
Caching disabled for ExternalDependencyInstrumentingArtifactTransform: /Users/tolu/.gradle/caches/modules-2/files-2.1/com.android.tools.build/aaptcompiler/8.7.0/89976d4ba1c9c21a758571c824ee867190647800/aaptcompiler-8.7.0.jar because:
  Build cache is disabled
  Caching not enabled.
Caching disabled for MergeInstrumentationAnalysisTransform: /Users/tolu/.gradle/caches/8.14.3/transforms/13563d3364d87ae98ea165450481841d/transformed/analysis/instrumentation-dependencies.bin because:
  Build cache is disabled
  Caching not enabled.
Caching disabled for MergeInstrumentationAnalysisTransform: /Users/tolu/.gradle/caches/8.14.3/transforms/5ce34788fddf0d4ee1b02cc0fa389b13/transformed/analysis/instrumentation-hierarchy.bin because:
  Build cache is disabled
  Caching not enabled.
Caching disabled for MergeInstrumentationAnalysisTransform: /Users/tolu/.gradle/caches/modules-2/files-2.1/com.android.tools.analytics-library/crash/31.7.0/80c9f1f06e8d48d60fa91f4db811cf863e13c67f/crash-31.7.0.jar because:
  Build cache is disabled
  Caching not enabled.
Caching disabled for MergeInstrumentationAnalysisTransform: /Users/tolu/.gradle/caches/8.14.3/transforms/5ce34788fddf0d4ee1b02cc0fa389b13/transformed/analysis/instrumentation-dependencies.bin because:
  Build cache is disabled
  Caching not enabled.
Caching disabled for ExternalDependencyInstrumentingArtifactTransform: /Users/tolu/.gradle/caches/8.14.3/transforms/612be0d2d7661ff393a44b4f825ab3eb/transformed/merge/instrumentation-dependencies.bin because:
  Build cache is disabled
  Caching not enabled.
Caching disabled for MergeInstrumentationAnalysisTransform: /Users/tolu/.gradle/caches/modules-2/files-2.1/com.android.tools.analytics-library/tracker/31.7.0/4f92e4165dc453485633b1461e1b822451484000/tracker-31.7.0.jar because:
  Build cache is disabled
  Caching not enabled.
Caching disabled for ExternalDependencyInstrumentingArtifactTransform: /Users/tolu/.gradle/caches/modules-2/files-2.1/com.android.tools.analytics-library/crash/31.7.0/80c9f1f06e8d48d60fa91f4db811cf863e13c67f/crash-31.7.0.jar because:
  Build cache is disabled
  Caching not enabled.
Caching disabled for ExternalDependencyInstrumentingArtifactTransform: /Users/tolu/.gradle/caches/8.14.3/transforms/090e185b957065669e2ac489cdb486a9/transformed/merge/instrumentation-dependencies.bin because:
  Build cache is disabled
  Caching not enabled.
Caching disabled for MergeInstrumentationAnalysisTransform: /Users/tolu/.gradle/caches/8.14.3/transforms/db3fd9e3346ee34dc4e1f1f1643ab47e/transformed/analysis/instrumentation-hierarchy.bin because:
  Build cache is disabled
  Caching not enabled.
Caching disabled for MergeInstrumentationAnalysisTransform: /Users/tolu/.gradle/caches/8.14.3/transforms/db3fd9e3346ee34dc4e1f1f1643ab47e/transformed/analysis/instrumentation-dependencies.bin because:
  Build cache is disabled
  Caching not enabled.
Caching disabled for MergeInstrumentationAnalysisTransform: /Users/tolu/.gradle/caches/modules-2/files-2.1/com.android.tools.analytics-library/shared/31.7.0/c7741b6bc45fcd3e0bb9dc82739a84273922fb05/shared-31.7.0.jar because:
  Build cache is disabled
  Caching not enabled.
Caching disabled for ExternalDependencyInstrumentingArtifactTransform: /Users/tolu/.gradle/caches/8.14.3/transforms/5cda7f104b1df200581e560e186bbf0e/transformed/merge/instrumentation-dependencies.bin because:
  Build cache is disabled
  Caching not enabled.
Caching disabled for ExternalDependencyInstrumentingArtifactTransform: /Users/tolu/.gradle/caches/modules-2/files-2.1/com.android.tools.analytics-library/tracker/31.7.0/4f92e4165dc453485633b1461e1b822451484000/tracker-31.7.0.jar because:
  Build cache is disabled
  Caching not enabled.
Caching disabled for MergeInstrumentationAnalysisTransform: /Users/tolu/.gradle/caches/8.14.3/transforms/4a9dbe4c67514ea53519c1e4d22722f6/transformed/analysis/instrumentation-hierarchy.bin because:
  Build cache is disabled
  Caching not enabled.
Caching disabled for MergeInstrumentationAnalysisTransform: /Users/tolu/.gradle/caches/8.14.3/transforms/4a9dbe4c67514ea53519c1e4d22722f6/transformed/analysis/instrumentation-dependencies.bin because:
  Build cache is disabled
  Caching not enabled.
Caching disabled for MergeInstrumentationAnalysisTransform: /Users/tolu/.gradle/caches/modules-2/files-2.1/com.android.tools.lint/lint-typedef-remover/31.7.0/644ab9b8a697ba83702c4e32eaaf95c504e1a522/lint-typedef-remover-31.7.0.jar because:
  Build cache is disabled
  Caching not enabled.
Caching disabled for ExternalDependencyInstrumentingArtifactTransform: /Users/tolu/.gradle/caches/8.14.3/transforms/6c0ba433631fbe0606fd3f62b130d53b/transformed/merge/instrumentation-dependencies.bin because:
  Build cache is disabled
  Caching not enabled.
Caching disabled for ExternalDependencyInstrumentingArtifactTransform: /Users/tolu/.gradle/caches/modules-2/files-2.1/com.android.tools.lint/lint-typedef-remover/31.7.0/644ab9b8a697ba83702c4e32eaaf95c504e1a522/lint-typedef-remover-31.7.0.jar because:
  Build cache is disabled
  Caching not enabled.
Caching disabled for MergeInstrumentationAnalysisTransform: /Users/tolu/.gradle/caches/8.14.3/transforms/ecc7916c605281cd2771287b72b982ed/transformed/analysis/instrumentation-hierarchy.bin because:
  Build cache is disabled
  Caching not enabled.
Caching disabled for MergeInstrumentationAnalysisTransform: /Users/tolu/.gradle/caches/8.14.3/transforms/ecc7916c605281cd2771287b72b982ed/transformed/analysis/instrumentation-dependencies.bin because:
  Build cache is disabled
  Caching not enabled.
Caching disabled for ExternalDependencyInstrumentingArtifactTransform: /Users/tolu/.gradle/caches/modules-2/files-2.1/com.android.tools.analytics-library/shared/31.7.0/c7741b6bc45fcd3e0bb9dc82739a84273922fb05/shared-31.7.0.jar because:
  Build cache is disabled
  Caching not enabled.
Caching disabled for MergeInstrumentationAnalysisTransform: /Users/tolu/.gradle/caches/modules-2/files-2.1/androidx.databinding/databinding-compiler-common/8.7.0/41f4950b59f498b6d583967ae274bd898863b522/databinding-compiler-common-8.7.0.jar because:
  Build cache is disabled
  Caching not enabled.
Caching disabled for MergeInstrumentationAnalysisTransform: /Users/tolu/.gradle/caches/8.14.3/transforms/378de8a4bc784efbadebaf89d8b2804f/transformed/analysis/instrumentation-hierarchy.bin because:
  Build cache is disabled
  Caching not enabled.
Caching disabled for ExternalDependencyInstrumentingArtifactTransform: /Users/tolu/.gradle/caches/modules-2/files-2.1/com.android.tools/sdk-common/31.7.0/d17c3d28724a5f3e90a5ae053714627b740ff80c/sdk-common-31.7.0.jar because:
  Build cache is disabled
  Caching not enabled.
Caching disabled for ExternalDependencyInstrumentingArtifactTransform: /Users/tolu/.gradle/caches/8.14.3/transforms/975341b5ed46e0ce58994446aa19be73/transformed/merge/instrumentation-dependencies.bin because:
  Build cache is disabled
  Caching not enabled.
Caching disabled for MergeInstrumentationAnalysisTransform: /Users/tolu/.gradle/caches/8.14.3/transforms/378de8a4bc784efbadebaf89d8b2804f/transformed/analysis/instrumentation-dependencies.bin because:
  Build cache is disabled
  Caching not enabled.
Caching disabled for MergeInstrumentationAnalysisTransform: /Users/tolu/.gradle/caches/8.14.3/transforms/a61bcdb181f51a6dd55844388b731a99/transformed/analysis/instrumentation-hierarchy.bin because:
  Build cache is disabled
  Caching not enabled.
Caching disabled for MergeInstrumentationAnalysisTransform: /Users/tolu/.gradle/caches/modules-2/files-2.1/androidx.databinding/databinding-common/8.7.0/2be3530b78477835e69dce953b17adc1dbc5c6fa/databinding-common-8.7.0.jar because:
  Build cache is disabled
  Caching not enabled.
Caching disabled for MergeInstrumentationAnalysisTransform: /Users/tolu/.gradle/caches/8.14.3/transforms/a61bcdb181f51a6dd55844388b731a99/transformed/analysis/instrumentation-dependencies.bin because:
  Build cache is disabled
  Caching not enabled.
Caching disabled for ExternalDependencyInstrumentingArtifactTransform: /Users/tolu/.gradle/caches/8.14.3/transforms/e1e5e562950cadb6362b5dac2d7238c9/transformed/merge/instrumentation-dependencies.bin because:
  Build cache is disabled
  Caching not enabled.
Caching disabled for MergeInstrumentationAnalysisTransform: /Users/tolu/.gradle/caches/modules-2/files-2.1/com.android.databinding/baseLibrary/8.7.0/7e7399239e52d4069896277615e005add7ae8e5a/baseLibrary-8.7.0.jar because:
  Build cache is disabled
  Caching not enabled.
Caching disabled for ExternalDependencyInstrumentingArtifactTransform: /Users/tolu/.gradle/caches/8.14.3/transforms/9f1cf73095b120dc5d24ae43e0beff84/transformed/merge/instrumentation-dependencies.bin because:
  Build cache is disabled
  Caching not enabled.
Caching disabled for ExternalDependencyInstrumentingArtifactTransform: /Users/tolu/.gradle/caches/modules-2/files-2.1/androidx.databinding/databinding-common/8.7.0/2be3530b78477835e69dce953b17adc1dbc5c6fa/databinding-common-8.7.0.jar because:
  Build cache is disabled
  Caching not enabled.
Caching disabled for MergeInstrumentationAnalysisTransform: /Users/tolu/.gradle/caches/8.14.3/transforms/668a7fa8e891ae6880d8e4c1c2ea8998/transformed/analysis/instrumentation-hierarchy.bin because:
  Build cache is disabled
  Caching not enabled.
Caching disabled for ExternalDependencyInstrumentingArtifactTransform: /Users/tolu/.gradle/caches/modules-2/files-2.1/com.android.databinding/baseLibrary/8.7.0/7e7399239e52d4069896277615e005add7ae8e5a/baseLibrary-8.7.0.jar because:
  Build cache is disabled
  Caching not enabled.
Caching disabled for MergeInstrumentationAnalysisTransform: /Users/tolu/.gradle/caches/8.14.3/transforms/668a7fa8e891ae6880d8e4c1c2ea8998/transformed/analysis/instrumentation-dependencies.bin because:
  Build cache is disabled
  Caching not enabled.
Caching disabled for MergeInstrumentationAnalysisTransform: /Users/tolu/.gradle/caches/8.14.3/transforms/5c050687f08b65859a2c41e2af7f51b2/transformed/analysis/instrumentation-hierarchy.bin because:
  Build cache is disabled
  Caching not enabled.
Caching disabled for MergeInstrumentationAnalysisTransform: /Users/tolu/.gradle/caches/modules-2/files-2.1/com.android.tools.layoutlib/layoutlib-api/31.7.0/6abada4555fa60825ea5f353443a7e561445c4f0/layoutlib-api-31.7.0.jar because:
  Build cache is disabled
  Caching not enabled.
Caching disabled for MergeInstrumentationAnalysisTransform: /Users/tolu/.gradle/caches/8.14.3/transforms/5c050687f08b65859a2c41e2af7f51b2/transformed/analysis/instrumentation-dependencies.bin because:
  Build cache is disabled
  Caching not enabled.
Caching disabled for ExternalDependencyInstrumentingArtifactTransform: /Users/tolu/.gradle/caches/8.14.3/transforms/0e6073c66458d1d4d0942913b543c2d2/transformed/merge/instrumentation-dependencies.bin because:
  Build cache is disabled
  Caching not enabled.
Caching disabled for MergeInstrumentationAnalysisTransform: /Users/tolu/.gradle/caches/modules-2/files-2.1/com.android.tools.utp/android-device-provider-ddmlib-proto/31.7.0/732647a1df2d9405dbbc944ccb1a9153d7dc3e3a/android-device-provider-ddmlib-proto-31.7.0.jar because:
  Build cache is disabled
  Caching not enabled.
Caching disabled for ExternalDependencyInstrumentingArtifactTransform: /Users/tolu/.gradle/caches/8.14.3/transforms/bb726a08f024d7538cf40c094de40146/transformed/merge/instrumentation-dependencies.bin because:
  Build cache is disabled
  Caching not enabled.
Caching disabled for ExternalDependencyInstrumentingArtifactTransform: /Users/tolu/.gradle/caches/modules-2/files-2.1/com.android.tools.utp/android-device-provider-ddmlib-proto/31.7.0/732647a1df2d9405dbbc944ccb1a9153d7dc3e3a/android-device-provider-ddmlib-proto-31.7.0.jar because:
  Build cache is disabled
  Caching not enabled.
Caching disabled for MergeInstrumentationAnalysisTransform: /Users/tolu/.gradle/caches/8.14.3/transforms/47d3607903effa6e1fdae58550c3da4d/transformed/analysis/instrumentation-hierarchy.bin because:
  Build cache is disabled
  Caching not enabled.
Caching disabled for MergeInstrumentationAnalysisTransform: /Users/tolu/.gradle/caches/8.14.3/transforms/47d3607903effa6e1fdae58550c3da4d/transformed/analysis/instrumentation-dependencies.bin because:
  Build cache is disabled
  Caching not enabled.
Caching disabled for MergeInstrumentationAnalysisTransform: /Users/tolu/.gradle/caches/modules-2/files-2.1/com.android.tools.utp/android-device-provider-gradle-proto/31.7.0/9f4923a6c0e213f00c1cc31720d1535f2d8517fe/android-device-provider-gradle-proto-31.7.0.jar because:
  Build cache is disabled
  Caching not enabled.
Caching disabled for ExternalDependencyInstrumentingArtifactTransform: /Users/tolu/.gradle/caches/8.14.3/transforms/c36bb482bd09062db1729f4fc71fe47f/transformed/merge/instrumentation-dependencies.bin because:
  Build cache is disabled
  Caching not enabled.
Caching disabled for ExternalDependencyInstrumentingArtifactTransform: /Users/tolu/.gradle/caches/modules-2/files-2.1/com.android.tools.layoutlib/layoutlib-api/31.7.0/6abada4555fa60825ea5f353443a7e561445c4f0/layoutlib-api-31.7.0.jar because:
  Build cache is disabled
  Caching not enabled.
Caching disabled for ExternalDependencyInstrumentingArtifactTransform: /Users/tolu/.gradle/caches/modules-2/files-2.1/com.android.tools.build/aapt2-proto/8.7.0-12006047/98413e854cd86e4e5ede40eb679947f4a85759/aapt2-proto-8.7.0-12006047.jar because:
  Build cache is disabled
  Caching not enabled.
Caching disabled for MergeInstrumentationAnalysisTransform: /Users/tolu/.gradle/caches/8.14.3/transforms/28c204947a832678b238470a00975b07/transformed/analysis/instrumentation-hierarchy.bin because:
  Build cache is disabled
  Caching not enabled.
Caching disabled for ExternalDependencyInstrumentingArtifactTransform: /Users/tolu/.gradle/caches/modules-2/files-2.1/com.android.tools.utp/android-device-provider-gradle-proto/31.7.0/9f4923a6c0e213f00c1cc31720d1535f2d8517fe/android-device-provider-gradle-proto-31.7.0.jar because:
  Build cache is disabled
  Caching not enabled.
Caching disabled for MergeInstrumentationAnalysisTransform: /Users/tolu/.gradle/caches/8.14.3/transforms/c28b0a7ae130ad17741d145c9c167878/transformed/analysis/instrumentation-hierarchy.bin because:
  Build cache is disabled
  Caching not enabled.
Caching disabled for MergeInstrumentationAnalysisTransform: /Users/tolu/.gradle/caches/8.14.3/transforms/1cc671dd3918422e8229cabc1966b887/transformed/analysis/instrumentation-hierarchy.bin because:
  Build cache is disabled
  Caching not enabled.
Caching disabled for MergeInstrumentationAnalysisTransform: /Users/tolu/.gradle/caches/8.14.3/transforms/c28b0a7ae130ad17741d145c9c167878/transformed/analysis/instrumentation-dependencies.bin because:
  Build cache is disabled
  Caching not enabled.
Caching disabled for MergeInstrumentationAnalysisTransform: /Users/tolu/.gradle/caches/8.14.3/transforms/28c204947a832678b238470a00975b07/transformed/analysis/instrumentation-dependencies.bin because:
  Build cache is disabled
  Caching not enabled.
Caching disabled for MergeInstrumentationAnalysisTransform: /Users/tolu/.gradle/caches/8.14.3/transforms/1cc671dd3918422e8229cabc1966b887/transformed/analysis/instrumentation-dependencies.bin because:
  Build cache is disabled
  Caching not enabled.
Caching disabled for MergeInstrumentationAnalysisTransform: /Users/tolu/.gradle/caches/modules-2/files-2.1/com.android.tools.utp/android-test-plugin-host-additional-test-output-proto/31.7.0/c02332c53d95a3e0ccd7ad9d6d97f8fec5d1a469/android-test-plugin-host-additional-test-output-proto-31.7.0.jar because:
  Build cache is disabled
  Caching not enabled.
Caching disabled for MergeInstrumentationAnalysisTransform: /Users/tolu/.gradle/caches/modules-2/files-2.1/com.android.tools.utp/android-test-plugin-host-coverage-proto/31.7.0/c780344aab70a33c454ad697295e12278fed16db/android-test-plugin-host-coverage-proto-31.7.0.jar because:
  Build cache is disabled
  Caching not enabled.
Caching disabled for MergeInstrumentationAnalysisTransform: /Users/tolu/.gradle/caches/modules-2/files-2.1/com.android.tools.utp/android-device-provider-profile-proto/31.7.0/5d4fe489b09ee45524d665a175aad834ecf2c81d/android-device-provider-profile-proto-31.7.0.jar because:
  Build cache is disabled
  Caching not enabled.
Caching disabled for ExternalDependencyInstrumentingArtifactTransform: /Users/tolu/.gradle/caches/8.14.3/transforms/7b7778f4914edcd9e712141090b1bec5/transformed/merge/instrumentation-dependencies.bin because:
  Build cache is disabled
  Caching not enabled.
Caching disabled for ExternalDependencyInstrumentingArtifactTransform: /Users/tolu/.gradle/caches/8.14.3/transforms/fe2fc7c43e45a4bd3ff74cad12983d91/transformed/merge/instrumentation-dependencies.bin because:
  Build cache is disabled
  Caching not enabled.
Caching disabled for ExternalDependencyInstrumentingArtifactTransform: /Users/tolu/.gradle/caches/8.14.3/transforms/c7cf39efe4bdf1f3b416350360f222d7/transformed/merge/instrumentation-dependencies.bin because:
  Build cache is disabled
  Caching not enabled.
Caching disabled for ExternalDependencyInstrumentingArtifactTransform: /Users/tolu/.gradle/caches/modules-2/files-2.1/com.android.tools.utp/android-test-plugin-host-additional-test-output-proto/31.7.0/c02332c53d95a3e0ccd7ad9d6d97f8fec5d1a469/android-test-plugin-host-additional-test-output-proto-31.7.0.jar because:
  Build cache is disabled
  Caching not enabled.
Caching disabled for ExternalDependencyInstrumentingArtifactTransform: /Users/tolu/.gradle/caches/modules-2/files-2.1/com.android.tools.utp/android-test-plugin-host-coverage-proto/31.7.0/c780344aab70a33c454ad697295e12278fed16db/android-test-plugin-host-coverage-proto-31.7.0.jar because:
  Build cache is disabled
  Caching not enabled.
Caching disabled for MergeInstrumentationAnalysisTransform: /Users/tolu/.gradle/caches/8.14.3/transforms/f1f243f59f6cb15a1b19614f20f12194/transformed/analysis/instrumentation-hierarchy.bin because:
  Build cache is disabled
  Caching not enabled.
Caching disabled for MergeInstrumentationAnalysisTransform: /Users/tolu/.gradle/caches/8.14.3/transforms/953d579a9018e8614866c73b562a52be/transformed/analysis/instrumentation-hierarchy.bin because:
  Build cache is disabled
  Caching not enabled.
Caching disabled for ExternalDependencyInstrumentingArtifactTransform: /Users/tolu/.gradle/caches/modules-2/files-2.1/com.android.tools.utp/android-device-provider-profile-proto/31.7.0/5d4fe489b09ee45524d665a175aad834ecf2c81d/android-device-provider-profile-proto-31.7.0.jar because:
  Build cache is disabled
  Caching not enabled.
Caching disabled for MergeInstrumentationAnalysisTransform: /Users/tolu/.gradle/caches/8.14.3/transforms/f1f243f59f6cb15a1b19614f20f12194/transformed/analysis/instrumentation-dependencies.bin because:
  Build cache is disabled
  Caching not enabled.
Caching disabled for MergeInstrumentationAnalysisTransform: /Users/tolu/.gradle/caches/8.14.3/transforms/953d579a9018e8614866c73b562a52be/transformed/analysis/instrumentation-dependencies.bin because:
  Build cache is disabled
  Caching not enabled.
Caching disabled for MergeInstrumentationAnalysisTransform: /Users/tolu/.gradle/caches/8.14.3/transforms/50227dc9316f9fc68e52bbed7549931b/transformed/analysis/instrumentation-hierarchy.bin because:
  Build cache is disabled
  Caching not enabled.
Caching disabled for MergeInstrumentationAnalysisTransform: /Users/tolu/.gradle/caches/modules-2/files-2.1/com.android.tools.utp/android-test-plugin-host-emulator-control-proto/31.7.0/faaddb0258a839e6ab89fe2acbe20ce29b403b43/android-test-plugin-host-emulator-control-proto-31.7.0.jar because:
  Build cache is disabled
  Caching not enabled.
Caching disabled for MergeInstrumentationAnalysisTransform: /Users/tolu/.gradle/caches/8.14.3/transforms/50227dc9316f9fc68e52bbed7549931b/transformed/analysis/instrumentation-dependencies.bin because:
  Build cache is disabled
  Caching not enabled.
Caching disabled for ExternalDependencyInstrumentingArtifactTransform: /Users/tolu/.gradle/caches/8.14.3/transforms/0d85c59270a114f7c11c00290e5f4a2d/transformed/merge/instrumentation-dependencies.bin because:
  Build cache is disabled
  Caching not enabled.
Caching disabled for MergeInstrumentationAnalysisTransform: /Users/tolu/.gradle/caches/modules-2/files-2.1/com.android.tools.utp/android-test-plugin-host-logcat-proto/31.7.0/d8f873c14c5c65746b97801c2c6cae506d0b3d29/android-test-plugin-host-logcat-proto-31.7.0.jar because:
  Build cache is disabled
  Caching not enabled.
Caching disabled for ExternalDependencyInstrumentingArtifactTransform: /Users/tolu/.gradle/caches/8.14.3/transforms/e8a1d5d511d7aaf9b316f3866cee4884/transformed/merge/instrumentation-dependencies.bin because:
  Build cache is disabled
  Caching not enabled.
Caching disabled for MergeInstrumentationAnalysisTransform: /Users/tolu/.gradle/caches/modules-2/files-2.1/com.android.tools.utp/android-test-plugin-host-apk-installer-proto/31.7.0/695cf71232626eeca4d84f72314196b270ca1c11/android-test-plugin-host-apk-installer-proto-31.7.0.jar because:
  Build cache is disabled
  Caching not enabled.
Caching disabled for ExternalDependencyInstrumentingArtifactTransform: /Users/tolu/.gradle/caches/8.14.3/transforms/70805b5ca0c198e57a481ee0ecebbda3/transformed/merge/instrumentation-dependencies.bin because:
  Build cache is disabled
  Caching not enabled.
Caching disabled for ExternalDependencyInstrumentingArtifactTransform: /Users/tolu/.gradle/caches/modules-2/files-2.1/com.android.tools.utp/android-test-plugin-host-emulator-control-proto/31.7.0/faaddb0258a839e6ab89fe2acbe20ce29b403b43/android-test-plugin-host-emulator-control-proto-31.7.0.jar because:
  Build cache is disabled
  Caching not enabled.
Caching disabled for ExternalDependencyInstrumentingArtifactTransform: /Users/tolu/.gradle/caches/modules-2/files-2.1/com.android.tools.utp/android-test-plugin-host-logcat-proto/31.7.0/d8f873c14c5c65746b97801c2c6cae506d0b3d29/android-test-plugin-host-logcat-proto-31.7.0.jar because:
  Build cache is disabled
  Caching not enabled.
Caching disabled for MergeInstrumentationAnalysisTransform: /Users/tolu/.gradle/caches/8.14.3/transforms/b7d837c824e96a429a03f2cd56836475/transformed/analysis/instrumentation-hierarchy.bin because:
  Build cache is disabled
  Caching not enabled.
Caching disabled for MergeInstrumentationAnalysisTransform: /Users/tolu/.gradle/caches/8.14.3/transforms/a27dc4c57818c10ae02bf2a749f97dac/transformed/analysis/instrumentation-hierarchy.bin because:
  Build cache is disabled
  Caching not enabled.
Caching disabled for MergeInstrumentationAnalysisTransform: /Users/tolu/.gradle/caches/8.14.3/transforms/b7d837c824e96a429a03f2cd56836475/transformed/analysis/instrumentation-dependencies.bin because:
  Build cache is disabled
  Caching not enabled.
Caching disabled for MergeInstrumentationAnalysisTransform: /Users/tolu/.gradle/caches/8.14.3/transforms/a27dc4c57818c10ae02bf2a749f97dac/transformed/analysis/instrumentation-dependencies.bin because:
  Build cache is disabled
  Caching not enabled.
Caching disabled for ExternalDependencyInstrumentingArtifactTransform: /Users/tolu/.gradle/caches/modules-2/files-2.1/com.android.tools.utp/android-test-plugin-host-apk-installer-proto/31.7.0/695cf71232626eeca4d84f72314196b270ca1c11/android-test-plugin-host-apk-installer-proto-31.7.0.jar because:
  Build cache is disabled
  Caching not enabled.
Caching disabled for MergeInstrumentationAnalysisTransform: /Users/tolu/.gradle/caches/modules-2/files-2.1/com.android.tools.utp/android-test-plugin-host-retention-proto/31.7.0/8ef946d4477f3b40b3bcb7d151131483b6d77d67/android-test-plugin-host-retention-proto-31.7.0.jar because:
  Build cache is disabled
  Caching not enabled.
Caching disabled for MergeInstrumentationAnalysisTransform: /Users/tolu/.gradle/caches/8.14.3/transforms/7ae491e09c6b9df3c1b94dadd4cba826/transformed/analysis/instrumentation-hierarchy.bin because:
  Build cache is disabled
  Caching not enabled.
Caching disabled for ExternalDependencyInstrumentingArtifactTransform: /Users/tolu/.gradle/caches/8.14.3/transforms/720fdcaf723157cb9e880cacbbdeb8b0/transformed/merge/instrumentation-dependencies.bin because:
  Build cache is disabled
  Caching not enabled.
Caching disabled for MergeInstrumentationAnalysisTransform: /Users/tolu/.gradle/caches/modules-2/files-2.1/com.android.tools.utp/android-test-plugin-result-listener-gradle-proto/31.7.0/f51d5e35aa252438265500d79fc2d314b7555b94/android-test-plugin-result-listener-gradle-proto-31.7.0.jar because:
  Build cache is disabled
  Caching not enabled.
Caching disabled for MergeInstrumentationAnalysisTransform: /Users/tolu/.gradle/caches/8.14.3/transforms/7ae491e09c6b9df3c1b94dadd4cba826/transformed/analysis/instrumentation-dependencies.bin because:
  Build cache is disabled
  Caching not enabled.
Caching disabled for ExternalDependencyInstrumentingArtifactTransform: /Users/tolu/.gradle/caches/8.14.3/transforms/eedcf125e98a1ee318789246def1c84a/transformed/merge/instrumentation-dependencies.bin because:
  Build cache is disabled
  Caching not enabled.
Caching disabled for MergeInstrumentationAnalysisTransform: /Users/tolu/.gradle/caches/modules-2/files-2.1/com.android.tools.build/builder-model/8.7.0/a5b8da9ab17f9dcbe3d39eec0081aa9786e88637/builder-model-8.7.0.jar because:
  Build cache is disabled
  Caching not enabled.
Caching disabled for ExternalDependencyInstrumentingArtifactTransform: /Users/tolu/.gradle/caches/8.14.3/transforms/a448ced0c77a4f8c4fc47d369597c18b/transformed/merge/instrumentation-dependencies.bin because:
  Build cache is disabled
  Caching not enabled.
Caching disabled for ExternalDependencyInstrumentingArtifactTransform: /Users/tolu/.gradle/caches/modules-2/files-2.1/com.android.tools.utp/android-test-plugin-host-retention-proto/31.7.0/8ef946d4477f3b40b3bcb7d151131483b6d77d67/android-test-plugin-host-retention-proto-31.7.0.jar because:
  Build cache is disabled
  Caching not enabled.
Caching disabled for MergeInstrumentationAnalysisTransform: /Users/tolu/.gradle/caches/8.14.3/transforms/a7669c38926151b0a39359670860fe56/transformed/analysis/instrumentation-hierarchy.bin because:
  Build cache is disabled
  Caching not enabled.
Caching disabled for MergeInstrumentationAnalysisTransform: /Users/tolu/.gradle/caches/8.14.3/transforms/a7669c38926151b0a39359670860fe56/transformed/analysis/instrumentation-dependencies.bin because:
  Build cache is disabled
  Caching not enabled.
Caching disabled for MergeInstrumentationAnalysisTransform: /Users/tolu/.gradle/caches/modules-2/files-2.1/com.android.tools/dvlib/31.7.0/2632b8524a1f8673e394f5e8477172884d90ed3f/dvlib-31.7.0.jar because:
  Build cache is disabled
  Caching not enabled.
Caching disabled for ExternalDependencyInstrumentingArtifactTransform: /Users/tolu/.gradle/caches/8.14.3/transforms/97b5278ff64edf208c8ae737a48f863d/transformed/merge/instrumentation-dependencies.bin because:
  Build cache is disabled
  Caching not enabled.
Caching disabled for ExternalDependencyInstrumentingArtifactTransform: /Users/tolu/.gradle/caches/modules-2/files-2.1/com.android.tools.build/builder-model/8.7.0/a5b8da9ab17f9dcbe3d39eec0081aa9786e88637/builder-model-8.7.0.jar because:
  Build cache is disabled
  Caching not enabled.
Caching disabled for ExternalDependencyInstrumentingArtifactTransform: /Users/tolu/.gradle/caches/modules-2/files-2.1/com.android.tools.utp/android-test-plugin-result-listener-gradle-proto/31.7.0/f51d5e35aa252438265500d79fc2d314b7555b94/android-test-plugin-result-listener-gradle-proto-31.7.0.jar because:
  Build cache is disabled
  Caching not enabled.
Caching disabled for ExternalDependencyInstrumentingArtifactTransform: /Users/tolu/.gradle/caches/modules-2/files-2.1/com.android.tools/dvlib/31.7.0/2632b8524a1f8673e394f5e8477172884d90ed3f/dvlib-31.7.0.jar because:
  Build cache is disabled
  Caching not enabled.
Caching disabled for MergeInstrumentationAnalysisTransform: /Users/tolu/.gradle/caches/8.14.3/transforms/cc2d4c116adbe47535674e9481eda4bf/transformed/analysis/instrumentation-hierarchy.bin because:
  Build cache is disabled
  Caching not enabled.
Caching disabled for MergeInstrumentationAnalysisTransform: /Users/tolu/.gradle/caches/8.14.3/transforms/dda41bb5375b7d8924d72c1aa979db20/transformed/analysis/instrumentation-hierarchy.bin because:
  Build cache is disabled
  Caching not enabled.
Caching disabled for MergeInstrumentationAnalysisTransform: /Users/tolu/.gradle/caches/8.14.3/transforms/d22f3fbbd22ac88826e0a2968e832d55/transformed/analysis/instrumentation-hierarchy.bin because:
  Build cache is disabled
  Caching not enabled.
Caching disabled for MergeInstrumentationAnalysisTransform: /Users/tolu/.gradle/caches/8.14.3/transforms/cc2d4c116adbe47535674e9481eda4bf/transformed/analysis/instrumentation-dependencies.bin because:
  Build cache is disabled
  Caching not enabled.
Caching disabled for MergeInstrumentationAnalysisTransform: /Users/tolu/.gradle/caches/8.14.3/transforms/dda41bb5375b7d8924d72c1aa979db20/transformed/analysis/instrumentation-dependencies.bin because:
  Build cache is disabled
  Caching not enabled.
Caching disabled for MergeInstrumentationAnalysisTransform: /Users/tolu/.gradle/caches/8.14.3/transforms/d22f3fbbd22ac88826e0a2968e832d55/transformed/analysis/instrumentation-dependencies.bin because:
  Build cache is disabled
  Caching not enabled.
Caching disabled for MergeInstrumentationAnalysisTransform: /Users/tolu/.gradle/caches/modules-2/files-2.1/com.android.tools/common/31.7.0/1c142e0e9068bcd35ad06d1d7832f87b3e0d47fd/common-31.7.0.jar because:
  Build cache is disabled
  Caching not enabled.
Caching disabled for MergeInstrumentationAnalysisTransform: /Users/tolu/.gradle/caches/modules-2/files-2.1/com.android.tools.build.jetifier/jetifier-processor/1.0.0-beta10/946c39eb0c052ff4f60a8939648a8b99af20d604/jetifier-processor-1.0.0-beta10.jar because:
  Build cache is disabled
  Caching not enabled.
Caching disabled for MergeInstrumentationAnalysisTransform: /Users/tolu/.gradle/caches/modules-2/files-2.1/com.android.tools.build.jetifier/jetifier-core/1.0.0-beta10/6e621022a9c95af12a7004d6b55805bbd1126837/jetifier-core-1.0.0-beta10.jar because:
  Build cache is disabled
  Caching not enabled.
Caching disabled for ExternalDependencyInstrumentingArtifactTransform: /Users/tolu/.gradle/caches/modules-2/files-2.1/androidx.databinding/databinding-compiler-common/8.7.0/41f4950b59f498b6d583967ae274bd898863b522/databinding-compiler-common-8.7.0.jar because:
  Build cache is disabled
  Caching not enabled.
Caching disabled for ExternalDependencyInstrumentingArtifactTransform: /Users/tolu/.gradle/caches/8.14.3/transforms/f688a0950223c2dbc9af4319d64a6c2b/transformed/merge/instrumentation-dependencies.bin because:
  Build cache is disabled
  Caching not enabled.
Caching disabled for MergeInstrumentationAnalysisTransform: /Users/tolu/.gradle/caches/8.14.3/transforms/375170809680f81a7556fb63880c59dc/transformed/analysis/instrumentation-hierarchy.bin because:
  Build cache is disabled
  Caching not enabled.
Caching disabled for MergeInstrumentationAnalysisTransform: /Users/tolu/.gradle/caches/8.14.3/transforms/f858d2dd9c0b8c47553142b5e909dcb4/transformed/analysis/instrumentation-dependencies.bin because:
  Build cache is disabled
  Caching not enabled.
Caching disabled for MergeInstrumentationAnalysisTransform: /Users/tolu/.gradle/caches/8.14.3/transforms/e40a53e235977e9e8abd1378b950add4/transformed/analysis/instrumentation-hierarchy.bin because:
  Build cache is disabled
  Caching not enabled.
Caching disabled for MergeInstrumentationAnalysisTransform: /Users/tolu/.gradle/caches/8.14.3/transforms/375170809680f81a7556fb63880c59dc/transformed/analysis/instrumentation-dependencies.bin because:
  Build cache is disabled
  Caching not enabled.
Caching disabled for MergeInstrumentationAnalysisTransform: /Users/tolu/.gradle/caches/8.14.3/transforms/e40a53e235977e9e8abd1378b950add4/transformed/analysis/instrumentation-dependencies.bin because:
  Build cache is disabled
  Caching not enabled.
Caching disabled for MergeInstrumentationAnalysisTransform: /Users/tolu/.gradle/caches/modules-2/files-2.1/org.jetbrains.kotlin/kotlin-stdlib-jdk7/1.9.20/8b4b73f4e08efaae93fc01d8c6eaab58a72d2ab3/kotlin-stdlib-jdk7-1.9.20.jar because:
  Build cache is disabled
  Caching not enabled.
Caching disabled for ExternalDependencyInstrumentingArtifactTransform: /Users/tolu/.gradle/caches/8.14.3/transforms/889443f9789655926d8a97c3a80215c7/transformed/merge/instrumentation-dependencies.bin because:
  Build cache is disabled
  Caching not enabled.
Caching disabled for ExternalDependencyInstrumentingArtifactTransform: /Users/tolu/.gradle/caches/modules-2/files-2.1/org.jetbrains.kotlin/kotlin-stdlib-jdk7/1.9.20/8b4b73f4e08efaae93fc01d8c6eaab58a72d2ab3/kotlin-stdlib-jdk7-1.9.20.jar because:
  Build cache is disabled
  Caching not enabled.
Caching disabled for MergeInstrumentationAnalysisTransform: /Users/tolu/.gradle/caches/modules-2/files-2.1/org.jetbrains.kotlin/kotlin-stdlib/1.9.20/e58b4816ac517e9cc5df1db051120c63d4cde669/kotlin-stdlib-1.9.20.jar because:
  Build cache is disabled
  Caching not enabled.
Caching disabled for MergeInstrumentationAnalysisTransform: /Users/tolu/.gradle/caches/modules-2/files-2.1/org.jetbrains.kotlin/kotlin-reflect/1.9.20/34eeb4eed5f493cdbb760ef50a5653ec414006bf/kotlin-reflect-1.9.20.jar because:
  Build cache is disabled
  Caching not enabled.
Caching disabled for ExternalDependencyInstrumentingArtifactTransform: /Users/tolu/.gradle/caches/8.14.3/transforms/12ffc46cde795c2a59b98e424a94ccb6/transformed/merge/instrumentation-dependencies.bin because:
  Build cache is disabled
  Caching not enabled.
Caching disabled for MergeInstrumentationAnalysisTransform: /Users/tolu/.gradle/caches/8.14.3/transforms/205cc80cd1a565c7740c418738f35af8/transformed/analysis/instrumentation-dependencies.bin because:
  Build cache is disabled
  Caching not enabled.
Caching disabled for ExternalDependencyInstrumentingArtifactTransform: /Users/tolu/.gradle/caches/8.14.3/transforms/7f1a8763f789738b4e0fa5096258ec99/transformed/merge/instrumentation-dependencies.bin because:
  Build cache is disabled
  Caching not enabled.
Caching disabled for MergeInstrumentationAnalysisTransform: /Users/tolu/.gradle/caches/modules-2/files-2.1/org.jetbrains.kotlin/kotlin-stdlib-jdk8/1.9.20/e2b4d1f475ae0606d063a84fce4dccdb45c7e12a/kotlin-stdlib-jdk8-1.9.20.jar because:
  Build cache is disabled
  Caching not enabled.
Caching disabled for ExternalDependencyInstrumentingArtifactTransform: /Users/tolu/.gradle/caches/8.14.3/transforms/8690b0f1ed2ea8ae9c0939eb57231c71/transformed/merge/instrumentation-dependencies.bin because:
  Build cache is disabled
  Caching not enabled.
Caching disabled for ExternalDependencyInstrumentingArtifactTransform: /Users/tolu/.gradle/caches/modules-2/files-2.1/org.jetbrains.kotlin/kotlin-stdlib-jdk8/1.9.20/e2b4d1f475ae0606d063a84fce4dccdb45c7e12a/kotlin-stdlib-jdk8-1.9.20.jar because:
  Build cache is disabled
  Caching not enabled.
Caching disabled for MergeInstrumentationAnalysisTransform: /Users/tolu/.gradle/caches/8.14.3/transforms/60551fb10887049ce526e87d531756fa/transformed/analysis/instrumentation-dependencies.bin because:
  Build cache is disabled
  Caching not enabled.
Caching disabled for MergeInstrumentationAnalysisTransform: /Users/tolu/.gradle/caches/modules-2/files-2.1/com.android.tools.build/transform-api/2.0.0-deprecated-use-gradle-api/47f6c56527c42425742fa9b56ffd3fd80763fe03/transform-api-2.0.0-deprecated-use-gradle-api.jar because:
  Build cache is disabled
  Caching not enabled.
Caching disabled for MergeInstrumentationAnalysisTransform: /Users/tolu/.gradle/caches/8.14.3/transforms/699ced744f152f2c25b7bb93d45ed914/transformed/analysis/instrumentation-hierarchy.bin because:
  Build cache is disabled
  Caching not enabled.
Caching disabled for MergeInstrumentationAnalysisTransform: /Users/tolu/.gradle/caches/8.14.3/transforms/699ced744f152f2c25b7bb93d45ed914/transformed/analysis/instrumentation-dependencies.bin because:
  Build cache is disabled
  Caching not enabled.
Caching disabled for MergeInstrumentationAnalysisTransform: /Users/tolu/.gradle/caches/modules-2/files-2.1/org.apache.httpcomponents/httpmime/4.5.6/164343da11db817e81e24e0d9869527e069850c9/httpmime-4.5.6.jar because:
  Build cache is disabled
  Caching not enabled.
Caching disabled for ExternalDependencyInstrumentingArtifactTransform: /Users/tolu/.gradle/caches/modules-2/files-2.1/org.jetbrains.kotlin/kotlin-stdlib/1.9.20/e58b4816ac517e9cc5df1db051120c63d4cde669/kotlin-stdlib-1.9.20.jar because:
  Build cache is disabled
  Caching not enabled.
Caching disabled for MergeInstrumentationAnalysisTransform: /Users/tolu/.gradle/caches/8.14.3/transforms/ee66c70e4a9ec5f747c3337abd378d20/transformed/analysis/instrumentation-hierarchy.bin because:
  Build cache is disabled
  Caching not enabled.
Caching disabled for MergeInstrumentationAnalysisTransform: /Users/tolu/.gradle/caches/8.14.3/transforms/ee66c70e4a9ec5f747c3337abd378d20/transformed/analysis/instrumentation-dependencies.bin because:
  Build cache is disabled
  Caching not enabled.
Caching disabled for MergeInstrumentationAnalysisTransform: /Users/tolu/.gradle/caches/modules-2/files-2.1/commons-io/commons-io/2.13.0/8bb2bc9b4df17e2411533a0708a69f983bf5e83b/commons-io-2.13.0.jar because:
  Build cache is disabled
  Caching not enabled.
Caching disabled for ExternalDependencyInstrumentingArtifactTransform: /Users/tolu/.gradle/caches/8.14.3/transforms/2def370a34dac7e4e5ea721bc2d583ca/transformed/merge/instrumentation-dependencies.bin because:
  Build cache is disabled
  Caching not enabled.
Caching disabled for ExternalDependencyInstrumentingArtifactTransform: /Users/tolu/.gradle/caches/modules-2/files-2.1/commons-io/commons-io/2.13.0/8bb2bc9b4df17e2411533a0708a69f983bf5e83b/commons-io-2.13.0.jar because:
  Build cache is disabled
  Caching not enabled.
Caching disabled for MergeInstrumentationAnalysisTransform: /Users/tolu/.gradle/caches/8.14.3/transforms/2956ca19d5de75402eea174a8eb0463f/transformed/analysis/instrumentation-hierarchy.bin because:
  Build cache is disabled
  Caching not enabled.
Caching disabled for MergeInstrumentationAnalysisTransform: /Users/tolu/.gradle/caches/8.14.3/transforms/2956ca19d5de75402eea174a8eb0463f/transformed/analysis/instrumentation-dependencies.bin because:
  Build cache is disabled
  Caching not enabled.
Caching disabled for MergeInstrumentationAnalysisTransform: /Users/tolu/.gradle/caches/modules-2/files-2.1/org.ow2.asm/asm-commons/9.6/f1a9e5508eff490744144565c47326c8648be309/asm-commons-9.6.jar because:
  Build cache is disabled
  Caching not enabled.
Caching disabled for ExternalDependencyInstrumentingArtifactTransform: /Users/tolu/.gradle/caches/8.14.3/transforms/93bae182beaad1616dec65dc0a9c60bf/transformed/merge/instrumentation-dependencies.bin because:
  Build cache is disabled
  Caching not enabled.
Caching disabled for ExternalDependencyInstrumentingArtifactTransform: /Users/tolu/.gradle/caches/modules-2/files-2.1/org.jetbrains.kotlin/kotlin-reflect/1.9.20/34eeb4eed5f493cdbb760ef50a5653ec414006bf/kotlin-reflect-1.9.20.jar because:
  Build cache is disabled
  Caching not enabled.
Caching disabled for MergeInstrumentationAnalysisTransform: /Users/tolu/.gradle/caches/8.14.3/transforms/5b763ae1a8774e1b299c2b756979dc91/transformed/analysis/instrumentation-hierarchy.bin because:
  Build cache is disabled
  Caching not enabled.
Caching disabled for ExternalDependencyInstrumentingArtifactTransform: /Users/tolu/.gradle/caches/modules-2/files-2.1/org.ow2.asm/asm-commons/9.6/f1a9e5508eff490744144565c47326c8648be309/asm-commons-9.6.jar because:
  Build cache is disabled
  Caching not enabled.
Caching disabled for MergeInstrumentationAnalysisTransform: /Users/tolu/.gradle/caches/8.14.3/transforms/5b763ae1a8774e1b299c2b756979dc91/transformed/analysis/instrumentation-dependencies.bin because:
  Build cache is disabled
  Caching not enabled.
Caching disabled for MergeInstrumentationAnalysisTransform: /Users/tolu/.gradle/caches/8.14.3/transforms/8edf6a4fe0dab78e48141b9817bf7de9/transformed/analysis/instrumentation-hierarchy.bin because:
  Build cache is disabled
  Caching not enabled.
Caching disabled for MergeInstrumentationAnalysisTransform: /Users/tolu/.gradle/caches/modules-2/files-2.1/org.ow2.asm/asm-util/9.6/f77caf84eb93786a749b2baa40865b9613e3eaee/asm-util-9.6.jar because:
  Build cache is disabled
  Caching not enabled.
Caching disabled for MergeInstrumentationAnalysisTransform: /Users/tolu/.gradle/caches/8.14.3/transforms/8edf6a4fe0dab78e48141b9817bf7de9/transformed/analysis/instrumentation-dependencies.bin because:
  Build cache is disabled
  Caching not enabled.
Caching disabled for ExternalDependencyInstrumentingArtifactTransform: /Users/tolu/.gradle/caches/8.14.3/transforms/09e8b1de57ecbec6feffa14c75bd14ba/transformed/merge/instrumentation-dependencies.bin because:
  Build cache is disabled
  Caching not enabled.
Caching disabled for MergeInstrumentationAnalysisTransform: /Users/tolu/.gradle/caches/modules-2/files-2.1/org.ow2.asm/asm-analysis/9.6/9ce6c7b174bd997fc2552dff47964546bd7a5ec3/asm-analysis-9.6.jar because:
  Build cache is disabled
  Caching not enabled.
Caching disabled for ExternalDependencyInstrumentingArtifactTransform: /Users/tolu/.gradle/caches/8.14.3/transforms/45a4f7a0aa582f06a8d1293ca3748ff5/transformed/merge/instrumentation-dependencies.bin because:
  Build cache is disabled
  Caching not enabled.
Caching disabled for ExternalDependencyInstrumentingArtifactTransform: /Users/tolu/.gradle/caches/modules-2/files-2.1/org.ow2.asm/asm-analysis/9.6/9ce6c7b174bd997fc2552dff47964546bd7a5ec3/asm-analysis-9.6.jar because:
  Build cache is disabled
  Caching not enabled.
Caching disabled for ExternalDependencyInstrumentingArtifactTransform: /Users/tolu/.gradle/caches/modules-2/files-2.1/org.ow2.asm/asm-util/9.6/f77caf84eb93786a749b2baa40865b9613e3eaee/asm-util-9.6.jar because:
  Build cache is disabled
  Caching not enabled.
Caching disabled for MergeInstrumentationAnalysisTransform: /Users/tolu/.gradle/caches/8.14.3/transforms/864d8bf0a5dde0e3501db3cde41abe96/transformed/analysis/instrumentation-hierarchy.bin because:
  Build cache is disabled
  Caching not enabled.
Caching disabled for MergeInstrumentationAnalysisTransform: /Users/tolu/.gradle/caches/8.14.3/transforms/864d8bf0a5dde0e3501db3cde41abe96/transformed/analysis/instrumentation-dependencies.bin because:
  Build cache is disabled
  Caching not enabled.
Caching disabled for MergeInstrumentationAnalysisTransform: /Users/tolu/.gradle/caches/8.14.3/transforms/223ceed13cd9c064506b5f914dc2a3a0/transformed/analysis/instrumentation-hierarchy.bin because:
  Build cache is disabled
  Caching not enabled.
Caching disabled for MergeInstrumentationAnalysisTransform: /Users/tolu/.gradle/caches/8.14.3/transforms/223ceed13cd9c064506b5f914dc2a3a0/transformed/analysis/instrumentation-dependencies.bin because:
  Build cache is disabled
  Caching not enabled.
Caching disabled for MergeInstrumentationAnalysisTransform: /Users/tolu/.gradle/caches/modules-2/files-2.1/org.ow2.asm/asm-tree/9.6/c0cdda9d211e965d2a4448aa3fd86110f2f8c2de/asm-tree-9.6.jar because:
  Build cache is disabled
  Caching not enabled.
Caching disabled for ExternalDependencyInstrumentingArtifactTransform: /Users/tolu/.gradle/caches/modules-2/files-2.1/com.android.tools/common/31.7.0/1c142e0e9068bcd35ad06d1d7832f87b3e0d47fd/common-31.7.0.jar because:
  Build cache is disabled
  Caching not enabled.
Caching disabled for MergeInstrumentationAnalysisTransform: /Users/tolu/.gradle/caches/8.14.3/transforms/db7aee3906429b06977bd646cfdc4b96/transformed/analysis/instrumentation-hierarchy.bin because:
  Build cache is disabled
  Caching not enabled.
Caching disabled for MergeInstrumentationAnalysisTransform: /Users/tolu/.gradle/caches/8.14.3/transforms/db7aee3906429b06977bd646cfdc4b96/transformed/analysis/instrumentation-dependencies.bin because:
  Build cache is disabled
  Caching not enabled.
Caching disabled for MergeInstrumentationAnalysisTransform: /Users/tolu/.gradle/caches/modules-2/files-2.1/com.android.tools.build/apkzlib/8.7.0/d656b52facbb301b8bdc1e40a5ae008bcf335fe9/apkzlib-8.7.0.jar because:
  Build cache is disabled
  Caching not enabled.
Caching disabled for ExternalDependencyInstrumentingArtifactTransform: /Users/tolu/.gradle/caches/8.14.3/transforms/62a6e5f51efb8a11c926eb8444f266f0/transformed/merge/instrumentation-dependencies.bin because:
  Build cache is disabled
  Caching not enabled.
Caching disabled for ExternalDependencyInstrumentingArtifactTransform: /Users/tolu/.gradle/caches/modules-2/files-2.1/com.android.tools.build/apkzlib/8.7.0/d656b52facbb301b8bdc1e40a5ae008bcf335fe9/apkzlib-8.7.0.jar because:
  Build cache is disabled
  Caching not enabled.
Caching disabled for MergeInstrumentationAnalysisTransform: /Users/tolu/.gradle/caches/8.14.3/transforms/603c0865289bf232d22345dee3971701/transformed/analysis/instrumentation-hierarchy.bin because:
  Build cache is disabled
  Caching not enabled.
Caching disabled for MergeInstrumentationAnalysisTransform: /Users/tolu/.gradle/caches/8.14.3/transforms/603c0865289bf232d22345dee3971701/transformed/analysis/instrumentation-dependencies.bin because:
  Build cache is disabled
  Caching not enabled.
Caching disabled for MergeInstrumentationAnalysisTransform: /Users/tolu/.gradle/caches/modules-2/files-2.1/org.bouncycastle/bcpkix-jdk18on/1.77/ed953791ba0229747dd0fd9911e3d76a462acfd3/bcpkix-jdk18on-1.77.jar because:
  Build cache is disabled
  Caching not enabled.
Caching disabled for ExternalDependencyInstrumentingArtifactTransform: /Users/tolu/.gradle/caches/8.14.3/transforms/ad9fb120ac7510aa26fb39b982b20c02/transformed/merge/instrumentation-dependencies.bin because:
  Build cache is disabled
  Caching not enabled.
Caching disabled for ExternalDependencyInstrumentingArtifactTransform: /Users/tolu/.gradle/caches/modules-2/files-2.1/org.bouncycastle/bcpkix-jdk18on/1.77/ed953791ba0229747dd0fd9911e3d76a462acfd3/bcpkix-jdk18on-1.77.jar because:
  Build cache is disabled
  Caching not enabled.
Caching disabled for MergeInstrumentationAnalysisTransform: /Users/tolu/.gradle/caches/8.14.3/transforms/dda2ae21feef9cd3a112876e3574c795/transformed/analysis/instrumentation-hierarchy.bin because:
  Build cache is disabled
  Caching not enabled.
Caching disabled for MergeInstrumentationAnalysisTransform: /Users/tolu/.gradle/caches/8.14.3/transforms/dda2ae21feef9cd3a112876e3574c795/transformed/analysis/instrumentation-dependencies.bin because:
  Build cache is disabled
  Caching not enabled.
Caching disabled for MergeInstrumentationAnalysisTransform: /Users/tolu/.gradle/caches/modules-2/files-2.1/org.glassfish.jaxb/jaxb-runtime/2.3.2/5528bc882ea499a09d720b42af11785c4fc6be2a/jaxb-runtime-2.3.2.jar because:
  Build cache is disabled
  Caching not enabled.
Caching disabled for MergeInstrumentationAnalysisTransform: /Users/tolu/.gradle/caches/8.14.3/transforms/3b409ad4310ac8b9e5216d4a18053de4/transformed/analysis/instrumentation-hierarchy.bin because:
  Build cache is disabled
  Caching not enabled.
Caching disabled for MergeInstrumentationAnalysisTransform: /Users/tolu/.gradle/caches/8.14.3/transforms/3b409ad4310ac8b9e5216d4a18053de4/transformed/analysis/instrumentation-dependencies.bin because:
  Build cache is disabled
  Caching not enabled.
Caching disabled for MergeInstrumentationAnalysisTransform: /Users/tolu/.gradle/caches/modules-2/files-2.1/net.sf.jopt-simple/jopt-simple/4.9/ee9e9eaa0a35360dcfeac129ff4923215fd65904/jopt-simple-4.9.jar because:
  Build cache is disabled
  Caching not enabled.
Caching disabled for MergeInstrumentationAnalysisTransform: /Users/tolu/.gradle/caches/8.14.3/transforms/e9302a0e4bffedc3fca206ef4d4cfcd3/transformed/analysis/instrumentation-hierarchy.bin because:
  Build cache is disabled
  Caching not enabled.
Caching disabled for MergeInstrumentationAnalysisTransform: /Users/tolu/.gradle/caches/8.14.3/transforms/e9302a0e4bffedc3fca206ef4d4cfcd3/transformed/analysis/instrumentation-dependencies.bin because:
  Build cache is disabled
  Caching not enabled.
Caching disabled for MergeInstrumentationAnalysisTransform: /Users/tolu/.gradle/caches/modules-2/files-2.1/com.squareup/javapoet/1.10.0/712c178d35185d8261295913c9f2a7d6867a6007/javapoet-1.10.0.jar because:
  Build cache is disabled
  Caching not enabled.
Caching disabled for ExternalDependencyInstrumentingArtifactTransform: /Users/tolu/.gradle/caches/modules-2/files-2.1/com.android.tools.build/builder/8.7.0/3e992622ed43bc1e386c996e1c13afcedd0a1854/builder-8.7.0.jar because:
  Build cache is disabled
  Caching not enabled.
Caching disabled for MergeInstrumentationAnalysisTransform: /Users/tolu/.gradle/caches/modules-2/files-2.1/org.ow2.asm/asm/9.6/aa205cf0a06dbd8e04ece91c0b37c3f5d567546a/asm-9.6.jar because:
  Build cache is disabled
  Caching not enabled.
Caching disabled for ExternalDependencyInstrumentingArtifactTransform: /Users/tolu/.gradle/caches/8.14.3/transforms/5bb062fdf03b2ecfdf03882eb9a1f66a/transformed/merge/instrumentation-dependencies.bin because:
  Build cache is disabled
  Caching not enabled.
Caching disabled for MergeInstrumentationAnalysisTransform: /Users/tolu/.gradle/caches/8.14.3/transforms/ee44d40f6ade0e03df45ab1406ea8421/transformed/analysis/instrumentation-hierarchy.bin because:
  Build cache is disabled
  Caching not enabled.
Caching disabled for MergeInstrumentationAnalysisTransform: /Users/tolu/.gradle/caches/8.14.3/transforms/ee44d40f6ade0e03df45ab1406ea8421/transformed/analysis/instrumentation-dependencies.bin because:
  Build cache is disabled
  Caching not enabled.
Caching disabled for MergeInstrumentationAnalysisTransform: /Users/tolu/.gradle/caches/8.14.3/transforms/83e4013723315112bb4849d82bf053ed/transformed/analysis/instrumentation-hierarchy.bin because:
  Build cache is disabled
  Caching not enabled.
Caching disabled for MergeInstrumentationAnalysisTransform: /Users/tolu/.gradle/caches/8.14.3/transforms/83e4013723315112bb4849d82bf053ed/transformed/analysis/instrumentation-dependencies.bin because:
  Build cache is disabled
  Caching not enabled.
Caching disabled for MergeInstrumentationAnalysisTransform: /Users/tolu/.gradle/caches/modules-2/files-2.1/com.google.protobuf/protobuf-java-util/3.22.3/749cd4fe8ab52f37bc186193802ba19f5b284647/protobuf-java-util-3.22.3.jar because:
  Build cache is disabled
  Caching not enabled.
Caching disabled for ExternalDependencyInstrumentingArtifactTransform: /Users/tolu/.gradle/caches/8.14.3/transforms/12b81175cdb96751d01da7bae1fe4d79/transformed/merge/instrumentation-dependencies.bin because:
  Build cache is disabled
  Caching not enabled.
Caching disabled for MergeInstrumentationAnalysisTransform: /Users/tolu/.gradle/caches/modules-2/files-2.1/io.grpc/grpc-protobuf/1.57.0/49986e40de6cbd14ba26247639b18ab0bac921c1/grpc-protobuf-1.57.0.jar because:
  Build cache is disabled
  Caching not enabled.
Caching disabled for ExternalDependencyInstrumentingArtifactTransform: /Users/tolu/.gradle/caches/8.14.3/transforms/ca7a82249898044e2c8169720b5a0715/transformed/merge/instrumentation-dependencies.bin because:
  Build cache is disabled
  Caching not enabled.
Caching disabled for ExternalDependencyInstrumentingArtifactTransform: /Users/tolu/.gradle/caches/modules-2/files-2.1/io.grpc/grpc-protobuf/1.57.0/49986e40de6cbd14ba26247639b18ab0bac921c1/grpc-protobuf-1.57.0.jar because:
  Build cache is disabled
  Caching not enabled.
Caching disabled for ExternalDependencyInstrumentingArtifactTransform: /Users/tolu/.gradle/caches/modules-2/files-2.1/org.ow2.asm/asm/9.6/aa205cf0a06dbd8e04ece91c0b37c3f5d567546a/asm-9.6.jar because:
  Build cache is disabled
  Caching not enabled.
Caching disabled for MergeInstrumentationAnalysisTransform: /Users/tolu/.gradle/caches/8.14.3/transforms/807a48d6c15771a492d73e7693ab8e6a/transformed/analysis/instrumentation-hierarchy.bin because:
  Build cache is disabled
  Caching not enabled.
Caching disabled for MergeInstrumentationAnalysisTransform: /Users/tolu/.gradle/caches/8.14.3/transforms/ca169f51563a43ea28cbe1b30f95c8f1/transformed/analysis/instrumentation-hierarchy.bin because:
  Build cache is disabled
  Caching not enabled.
Caching disabled for ExternalDependencyInstrumentingArtifactTransform: /Users/tolu/.gradle/caches/modules-2/files-2.1/com.google.protobuf/protobuf-java-util/3.22.3/749cd4fe8ab52f37bc186193802ba19f5b284647/protobuf-java-util-3.22.3.jar because:
  Build cache is disabled
  Caching not enabled.
Caching disabled for MergeInstrumentationAnalysisTransform: /Users/tolu/.gradle/caches/8.14.3/transforms/ca169f51563a43ea28cbe1b30f95c8f1/transformed/analysis/instrumentation-dependencies.bin because:
  Build cache is disabled
  Caching not enabled.
Caching disabled for MergeInstrumentationAnalysisTransform: /Users/tolu/.gradle/caches/8.14.3/transforms/807a48d6c15771a492d73e7693ab8e6a/transformed/analysis/instrumentation-dependencies.bin because:
  Build cache is disabled
  Caching not enabled.
Caching disabled for MergeInstrumentationAnalysisTransform: /Users/tolu/.gradle/caches/8.14.3/transforms/402e073f147a1f7c3bd53c3c66374e10/transformed/analysis/instrumentation-hierarchy.bin because:
  Build cache is disabled
  Caching not enabled.
Caching disabled for MergeInstrumentationAnalysisTransform: /Users/tolu/.gradle/caches/8.14.3/transforms/402e073f147a1f7c3bd53c3c66374e10/transformed/analysis/instrumentation-dependencies.bin because:
  Build cache is disabled
  Caching not enabled.
Caching disabled for MergeInstrumentationAnalysisTransform: /Users/tolu/.gradle/caches/modules-2/files-2.1/com.android.tools.analytics-library/protos/31.7.0/71afde62826a0dd766603edb6ff96d291c138083/protos-31.7.0.jar because:
  Build cache is disabled
  Caching not enabled.
Caching disabled for ExternalDependencyInstrumentingArtifactTransform: /Users/tolu/.gradle/caches/8.14.3/transforms/2ff94b5accf3f24f33f7192d71212232/transformed/merge/instrumentation-dependencies.bin because:
  Build cache is disabled
  Caching not enabled.
Caching disabled for MergeInstrumentationAnalysisTransform: /Users/tolu/.gradle/caches/modules-2/files-2.1/com.google.api.grpc/proto-google-common-protos/2.17.0/7edf1e3aa96dc3861f7a8f24556c714e9c5b292/proto-google-common-protos-2.17.0.jar because:
  Build cache is disabled
  Caching not enabled.
Caching disabled for ExternalDependencyInstrumentingArtifactTransform: /Users/tolu/.gradle/caches/modules-2/files-2.1/org.jetbrains.kotlin/kotlin-gradle-plugin/2.0.21/ea69d8de091115a98ce7f3901994b2fb3432480b/kotlin-gradle-plugin-2.0.21-gradle85.jar because:
  Build cache is disabled
  Caching not enabled.
Caching disabled for MergeInstrumentationAnalysisTransform: /Users/tolu/.gradle/caches/modules-2/files-2.1/com.google.crypto.tink/tink/1.7.0/668b57f109d32349b2870448f06ae6f202713edc/tink-1.7.0.jar because:
  Build cache is disabled
  Caching not enabled.
Caching disabled for ExternalDependencyInstrumentingArtifactTransform: /Users/tolu/.gradle/caches/modules-2/files-2.1/com.android.tools.build/gradle/8.7.0/dc72b94c74e31da237cc4c267503eeedcab90e01/gradle-8.7.0.jar because:
  Build cache is disabled
  Caching not enabled.
Caching disabled for ExternalDependencyInstrumentingArtifactTransform: /Users/tolu/.gradle/caches/8.14.3/transforms/72f147986b2fd5077ea9a34697523649/transformed/merge/instrumentation-dependencies.bin because:
  Build cache is disabled
  Caching not enabled.
Caching disabled for MergeInstrumentationAnalysisTransform: /Users/tolu/.gradle/caches/8.14.3/transforms/e90d8646ffb43bab24bc82532e53d9e9/transformed/analysis/instrumentation-hierarchy.bin because:
  Build cache is disabled
  Caching not enabled.
Caching disabled for MergeInstrumentationAnalysisTransform: /Users/tolu/.gradle/caches/8.14.3/transforms/e90d8646ffb43bab24bc82532e53d9e9/transformed/analysis/instrumentation-dependencies.bin because:
  Build cache is disabled
  Caching not enabled.
Caching disabled for MergeInstrumentationAnalysisTransform: /Users/tolu/.gradle/caches/8.14.3/transforms/cfc91881c0a7a31d3ee6393ced609512/transformed/analysis/instrumentation-hierarchy.bin because:
  Build cache is disabled
  Caching not enabled.
Caching disabled for MergeInstrumentationAnalysisTransform: /Users/tolu/.gradle/caches/8.14.3/transforms/cfc91881c0a7a31d3ee6393ced609512/transformed/analysis/instrumentation-dependencies.bin because:
  Build cache is disabled
  Caching not enabled.
Caching disabled for MergeInstrumentationAnalysisTransform: /Users/tolu/.gradle/caches/8.14.3/transforms/f602af6fbb0f056f5df6936fb8207f26/transformed/analysis/instrumentation-hierarchy.bin because:
  Build cache is disabled
  Caching not enabled.
Caching disabled for MergeInstrumentationAnalysisTransform: /Users/tolu/.gradle/caches/modules-2/files-2.1/com.google.protobuf/protobuf-java/3.22.3/fdee98b8f6abab73f146a4edb4c09e56f8278d03/protobuf-java-3.22.3.jar because:
  Build cache is disabled
  Caching not enabled.
Caching disabled for MergeInstrumentationAnalysisTransform: /Users/tolu/.gradle/caches/8.14.3/transforms/f602af6fbb0f056f5df6936fb8207f26/transformed/analysis/instrumentation-dependencies.bin because:
  Build cache is disabled
  Caching not enabled.
Caching disabled for ExternalDependencyInstrumentingArtifactTransform: /Users/tolu/.gradle/caches/8.14.3/transforms/73a009065f743ff0f4dd315d91577909/transformed/merge/instrumentation-dependencies.bin because:
  Build cache is disabled
  Caching not enabled.
Caching disabled for MergeInstrumentationAnalysisTransform: /Users/tolu/.gradle/caches/modules-2/files-2.1/io.grpc/grpc-netty/1.57.0/99cc01516c2fd1d134bf2585c2b38fa400804986/grpc-netty-1.57.0.jar because:
  Build cache is disabled
  Caching not enabled.
Caching disabled for ExternalDependencyInstrumentingArtifactTransform: /Users/tolu/.gradle/caches/8.14.3/transforms/e0fe27b135d5557a8c678bfcdc56cb91/transformed/merge/instrumentation-dependencies.bin because:
  Build cache is disabled
  Caching not enabled.
Caching disabled for MergeInstrumentationAnalysisTransform: /Users/tolu/.gradle/caches/modules-2/files-2.1/io.grpc/grpc-core/1.57.0/2b6ef5166f31315098fff9bb85f33ab5fed58f6b/grpc-core-1.57.0.jar because:
  Build cache is disabled
  Caching not enabled.
Caching disabled for ExternalDependencyInstrumentingArtifactTransform: /Users/tolu/.gradle/caches/8.14.3/transforms/25418aeb4616c7c1b645b0e826fa171d/transformed/merge/instrumentation-dependencies.bin because:
  Build cache is disabled
  Caching not enabled.
Caching disabled for ExternalDependencyInstrumentingArtifactTransform: /Users/tolu/.gradle/caches/modules-2/files-2.1/io.grpc/grpc-netty/1.57.0/99cc01516c2fd1d134bf2585c2b38fa400804986/grpc-netty-1.57.0.jar because:
  Build cache is disabled
  Caching not enabled.
Caching disabled for MergeInstrumentationAnalysisTransform: /Users/tolu/.gradle/caches/8.14.3/transforms/9fb66fc0fc9aced8ab00eb0af1ac80df/transformed/analysis/instrumentation-hierarchy.bin because:
  Build cache is disabled
  Caching not enabled.
Caching disabled for MergeInstrumentationAnalysisTransform: /Users/tolu/.gradle/caches/8.14.3/transforms/9fb66fc0fc9aced8ab00eb0af1ac80df/transformed/analysis/instrumentation-dependencies.bin because:
  Build cache is disabled
  Caching not enabled.
Caching disabled for MergeInstrumentationAnalysisTransform: /Users/tolu/.gradle/caches/modules-2/files-2.1/org.jetbrains.kotlin/kotlin-build-statistics/2.0.21/b5d6b9bf90684ba3aa5fdd524761bfa51c9cddc8/kotlin-build-statistics-2.0.21.jar because:
  Build cache is disabled
  Caching not enabled.
Caching disabled for ExternalDependencyInstrumentingArtifactTransform: /Users/tolu/.gradle/caches/8.14.3/transforms/50273a773f77ca825e0daeb11d07941a/transformed/merge/instrumentation-dependencies.bin because:
  Build cache is disabled
  Caching not enabled.
Caching disabled for ExternalDependencyInstrumentingArtifactTransform: /Users/tolu/.gradle/caches/modules-2/files-2.1/org.jetbrains.kotlin/kotlin-build-statistics/2.0.21/b5d6b9bf90684ba3aa5fdd524761bfa51c9cddc8/kotlin-build-statistics-2.0.21.jar because:
  Build cache is disabled
  Caching not enabled.
Caching disabled for MergeInstrumentationAnalysisTransform: /Users/tolu/.gradle/caches/8.14.3/transforms/e17f0fc68ba5d2999989b1c485ece8d8/transformed/analysis/instrumentation-hierarchy.bin because:
  Build cache is disabled
  Caching not enabled.
Caching disabled for MergeInstrumentationAnalysisTransform: /Users/tolu/.gradle/caches/8.14.3/transforms/e17f0fc68ba5d2999989b1c485ece8d8/transformed/analysis/instrumentation-dependencies.bin because:
  Build cache is disabled
  Caching not enabled.
Caching disabled for MergeInstrumentationAnalysisTransform: /Users/tolu/.gradle/caches/modules-2/files-2.1/com.google.code.gson/gson/2.10.1/b3add478d4382b78ea20b1671390a858002feb6c/gson-2.10.1.jar because:
  Build cache is disabled
  Caching not enabled.
Caching disabled for ExternalDependencyInstrumentingArtifactTransform: /Users/tolu/.gradle/caches/8.14.3/transforms/154d5f6e8b4849cd46b86bd0fca7b63b/transformed/merge/instrumentation-dependencies.bin because:
  Build cache is disabled
  Caching not enabled.
Caching disabled for ExternalDependencyInstrumentingArtifactTransform: /Users/tolu/.gradle/caches/modules-2/files-2.1/io.grpc/grpc-core/1.57.0/2b6ef5166f31315098fff9bb85f33ab5fed58f6b/grpc-core-1.57.0.jar because:
  Build cache is disabled
  Caching not enabled.
Caching disabled for MergeInstrumentationAnalysisTransform: /Users/tolu/.gradle/caches/8.14.3/transforms/e48ca40bb8a23e86bb0c661ba5be3512/transformed/analysis/instrumentation-hierarchy.bin because:
  Build cache is disabled
  Caching not enabled.
Caching disabled for MergeInstrumentationAnalysisTransform: /Users/tolu/.gradle/caches/8.14.3/transforms/e48ca40bb8a23e86bb0c661ba5be3512/transformed/analysis/instrumentation-dependencies.bin because:
  Build cache is disabled
  Caching not enabled.
Caching disabled for MergeInstrumentationAnalysisTransform: /Users/tolu/.gradle/caches/modules-2/files-2.1/io.grpc/grpc-stub/1.57.0/262e1469c080164d5e2459f4908394d66f4e8828/grpc-stub-1.57.0.jar because:
  Build cache is disabled
  Caching not enabled.
Caching disabled for ExternalDependencyInstrumentingArtifactTransform: /Users/tolu/.gradle/caches/8.14.3/transforms/3015654619753932b24e3e5470a5ad1f/transformed/merge/instrumentation-dependencies.bin because:
  Build cache is disabled
  Caching not enabled.
Caching disabled for ExternalDependencyInstrumentingArtifactTransform: /Users/tolu/.gradle/caches/modules-2/files-2.1/com.google.code.gson/gson/2.10.1/b3add478d4382b78ea20b1671390a858002feb6c/gson-2.10.1.jar because:
  Build cache is disabled
  Caching not enabled.
Caching disabled for ExternalDependencyInstrumentingArtifactTransform: /Users/tolu/.gradle/caches/modules-2/files-2.1/io.grpc/grpc-stub/1.57.0/262e1469c080164d5e2459f4908394d66f4e8828/grpc-stub-1.57.0.jar because:
  Build cache is disabled
  Caching not enabled.
Caching disabled for MergeInstrumentationAnalysisTransform: /Users/tolu/.gradle/caches/8.14.3/transforms/c366913db047041748fbc860eabe1eae/transformed/analysis/instrumentation-hierarchy.bin because:
  Build cache is disabled
  Caching not enabled.
Caching disabled for MergeInstrumentationAnalysisTransform: /Users/tolu/.gradle/caches/8.14.3/transforms/bb88822d262eff395d5a7f8c766d0354/transformed/analysis/instrumentation-hierarchy.bin because:
  Build cache is disabled
  Caching not enabled.
Caching disabled for MergeInstrumentationAnalysisTransform: /Users/tolu/.gradle/caches/8.14.3/transforms/c366913db047041748fbc860eabe1eae/transformed/analysis/instrumentation-dependencies.bin because:
  Build cache is disabled
  Caching not enabled.
Caching disabled for MergeInstrumentationAnalysisTransform: /Users/tolu/.gradle/caches/8.14.3/transforms/bb88822d262eff395d5a7f8c766d0354/transformed/analysis/instrumentation-dependencies.bin because:
  Build cache is disabled
  Caching not enabled.
Caching disabled for MergeInstrumentationAnalysisTransform: /Users/tolu/.gradle/caches/modules-2/files-2.1/org.tensorflow/tensorflow-lite-metadata/0.1.0-rc2/7aa9b3e16d85c2aae5eff741265315a37c9f731a/tensorflow-lite-metadata-0.1.0-rc2.jar because:
  Build cache is disabled
  Caching not enabled.
Caching disabled for MergeInstrumentationAnalysisTransform: /Users/tolu/.gradle/caches/8.14.3/transforms/9aa2e09e85c2024683d7793a3f3c9b70/transformed/analysis/instrumentation-hierarchy.bin because:
  Build cache is disabled
  Caching not enabled.
Caching disabled for MergeInstrumentationAnalysisTransform: /Users/tolu/.gradle/caches/8.14.3/transforms/9aa2e09e85c2024683d7793a3f3c9b70/transformed/analysis/instrumentation-dependencies.bin because:
  Build cache is disabled
  Caching not enabled.
Caching disabled for MergeInstrumentationAnalysisTransform: /Users/tolu/.gradle/caches/modules-2/files-2.1/com.google.testing.platform/core-proto/0.0.9-alpha02/ee54219cbb4a7fb83cdc528e9a85e0383f3ee726/core-proto-0.0.9-alpha02.jar because:
  Build cache is disabled
  Caching not enabled.
Caching disabled for ExternalDependencyInstrumentingArtifactTransform: /Users/tolu/.gradle/caches/8.14.3/transforms/efb283eb212beaac7dc91be37bc2301a/transformed/merge/instrumentation-dependencies.bin because:
  Build cache is disabled
  Caching not enabled.
Caching disabled for MergeInstrumentationAnalysisTransform: /Users/tolu/.gradle/caches/modules-2/files-2.1/com.google.flatbuffers/flatbuffers-java/1.12.0/8201cc7b511177a37071249e891f2f2fea4b32e9/flatbuffers-java-1.12.0.jar because:
  Build cache is disabled
  Caching not enabled.
Caching disabled for ExternalDependencyInstrumentingArtifactTransform: /Users/tolu/.gradle/caches/modules-2/files-2.1/com.android.tools.build/bundletool/1.17.1/267feb0f9bcff527cdf35a3544d77ad4d3e636dd/bundletool-1.17.1.jar because:
  Build cache is disabled
  Caching not enabled.
Caching disabled for ExternalDependencyInstrumentingArtifactTransform: /Users/tolu/.gradle/caches/8.14.3/transforms/a42d8ef40be7a7212bf688cfb00da82a/transformed/merge/instrumentation-dependencies.bin because:
  Build cache is disabled
  Caching not enabled.
Caching disabled for MergeInstrumentationAnalysisTransform: /Users/tolu/.gradle/caches/8.14.3/transforms/035f0207e8d4ef29b4e8ea433c34d6bd/transformed/analysis/instrumentation-hierarchy.bin because:
  Build cache is disabled
  Caching not enabled.
Caching disabled for MergeInstrumentationAnalysisTransform: /Users/tolu/.gradle/caches/8.14.3/transforms/216f081faf0d1f3bd46b34a3263b8314/transformed/analysis/instrumentation-hierarchy.bin because:
  Build cache is disabled
  Caching not enabled.
Caching disabled for MergeInstrumentationAnalysisTransform: /Users/tolu/.gradle/caches/8.14.3/transforms/0b43ca74ecef6e60b8fc43122a270db0/transformed/analysis/instrumentation-hierarchy.bin because:
  Build cache is disabled
  Caching not enabled.
Caching disabled for MergeInstrumentationAnalysisTransform: /Users/tolu/.gradle/caches/8.14.3/transforms/216f081faf0d1f3bd46b34a3263b8314/transformed/analysis/instrumentation-dependencies.bin because:
  Build cache is disabled
  Caching not enabled.
Caching disabled for MergeInstrumentationAnalysisTransform: /Users/tolu/.gradle/caches/8.14.3/transforms/035f0207e8d4ef29b4e8ea433c34d6bd/transformed/analysis/instrumentation-dependencies.bin because:
  Build cache is disabled
  Caching not enabled.
Caching disabled for MergeInstrumentationAnalysisTransform: /Users/tolu/.gradle/caches/8.14.3/transforms/0b43ca74ecef6e60b8fc43122a270db0/transformed/analysis/instrumentation-dependencies.bin because:
  Build cache is disabled
  Caching not enabled.
Caching disabled for MergeInstrumentationAnalysisTransform: /Users/tolu/.gradle/caches/modules-2/files-2.1/org.jetbrains.kotlin/kotlin-gradle-plugin-idea/2.0.21/dc54973fe68b0bb9b816bd04ef39648ca29526a6/kotlin-gradle-plugin-idea-2.0.21.jar because:
  Build cache is disabled
  Caching not enabled.
Caching disabled for ExternalDependencyInstrumentingArtifactTransform: /Users/tolu/.gradle/caches/modules-2/files-2.1/org.ow2.asm/asm-tree/9.6/c0cdda9d211e965d2a4448aa3fd86110f2f8c2de/asm-tree-9.6.jar because:
  Build cache is disabled
  Caching not enabled.
Caching disabled for ExternalDependencyInstrumentingArtifactTransform: /Users/tolu/.gradle/caches/8.14.3/transforms/d7f97146155f51f4c28e86239f2f4ef7/transformed/merge/instrumentation-dependencies.bin because:
  Build cache is disabled
  Caching not enabled.
Caching disabled for MergeInstrumentationAnalysisTransform: /Users/tolu/.gradle/caches/modules-2/files-2.1/org.jetbrains.kotlin/kotlin-klib-commonizer-api/2.0.21/499b6b114eda7ed8002ce438458f5baf273c5fa/kotlin-klib-commonizer-api-2.0.21.jar because:
  Build cache is disabled
  Caching not enabled.
Caching disabled for ExternalDependencyInstrumentingArtifactTransform: /Users/tolu/.gradle/caches/8.14.3/transforms/83583072ae81149de3e69f8554443826/transformed/merge/instrumentation-dependencies.bin because:
  Build cache is disabled
  Caching not enabled.
Caching disabled for MergeInstrumentationAnalysisTransform: /Users/tolu/.gradle/caches/8.14.3/transforms/22d2e25ab9444b72e42fef36cc339314/transformed/analysis/instrumentation-hierarchy.bin because:
  Build cache is disabled
  Caching not enabled.
Caching disabled for MergeInstrumentationAnalysisTransform: /Users/tolu/.gradle/caches/modules-2/files-2.1/org.jetbrains.kotlin/kotlin-gradle-plugin-idea-proto/2.0.21/7ee6324747edb846bb869955000c513797eaf6d7/kotlin-gradle-plugin-idea-proto-2.0.21.jar because:
  Build cache is disabled
  Caching not enabled.
Caching disabled for MergeInstrumentationAnalysisTransform: /Users/tolu/.gradle/caches/8.14.3/transforms/22d2e25ab9444b72e42fef36cc339314/transformed/analysis/instrumentation-dependencies.bin because:
  Build cache is disabled
  Caching not enabled.
Caching disabled for ExternalDependencyInstrumentingArtifactTransform: /Users/tolu/.gradle/caches/8.14.3/transforms/954d7021d96e040c3e57991b5f26a890/transformed/merge/instrumentation-dependencies.bin because:
  Build cache is disabled
  Caching not enabled.
Caching disabled for MergeInstrumentationAnalysisTransform: /Users/tolu/.gradle/caches/modules-2/files-2.1/org.jetbrains.kotlin/kotlin-build-tools-api/2.0.21/612804301136399c0cc5c93f2366ef33fd0afdc3/kotlin-build-tools-api-2.0.21.jar because:
  Build cache is disabled
  Caching not enabled.
Caching disabled for ExternalDependencyInstrumentingArtifactTransform: /Users/tolu/.gradle/caches/8.14.3/transforms/31be4076db8879573708addcebf3f31c/transformed/merge/instrumentation-dependencies.bin because:
  Build cache is disabled
  Caching not enabled.
Caching disabled for ExternalDependencyInstrumentingArtifactTransform: /Users/tolu/.gradle/caches/modules-2/files-2.1/org.jetbrains.kotlin/kotlin-gradle-plugin-idea/2.0.21/dc54973fe68b0bb9b816bd04ef39648ca29526a6/kotlin-gradle-plugin-idea-2.0.21.jar because:
  Build cache is disabled
  Caching not enabled.
Caching disabled for ExternalDependencyInstrumentingArtifactTransform: /Users/tolu/.gradle/caches/modules-2/files-2.1/org.jetbrains.kotlin/kotlin-klib-commonizer-api/2.0.21/499b6b114eda7ed8002ce438458f5baf273c5fa/kotlin-klib-commonizer-api-2.0.21.jar because:
  Build cache is disabled
  Caching not enabled.
Caching disabled for MergeInstrumentationAnalysisTransform: /Users/tolu/.gradle/caches/8.14.3/transforms/f74ef42ae39bd0fd0bd1879a2e8c1546/transformed/analysis/instrumentation-hierarchy.bin because:
  Build cache is disabled
  Caching not enabled.
Caching disabled for ExternalDependencyInstrumentingArtifactTransform: /Users/tolu/.gradle/caches/modules-2/files-2.1/org.jetbrains.kotlin/kotlin-build-tools-api/2.0.21/612804301136399c0cc5c93f2366ef33fd0afdc3/kotlin-build-tools-api-2.0.21.jar because:
  Build cache is disabled
  Caching not enabled.
Caching disabled for MergeInstrumentationAnalysisTransform: /Users/tolu/.gradle/caches/8.14.3/transforms/b0e0565cf72e67ac84b862e284f49bf0/transformed/analysis/instrumentation-hierarchy.bin because:
  Build cache is disabled
  Caching not enabled.
Caching disabled for MergeInstrumentationAnalysisTransform: /Users/tolu/.gradle/caches/8.14.3/transforms/f74ef42ae39bd0fd0bd1879a2e8c1546/transformed/analysis/instrumentation-dependencies.bin because:
  Build cache is disabled
  Caching not enabled.
Caching disabled for MergeInstrumentationAnalysisTransform: /Users/tolu/.gradle/caches/8.14.3/transforms/da749d9e8f04dc0778f8682333431630/transformed/analysis/instrumentation-hierarchy.bin because:
  Build cache is disabled
  Caching not enabled.
Caching disabled for MergeInstrumentationAnalysisTransform: /Users/tolu/.gradle/caches/8.14.3/transforms/b0e0565cf72e67ac84b862e284f49bf0/transformed/analysis/instrumentation-dependencies.bin because:
  Build cache is disabled
  Caching not enabled.
Caching disabled for MergeInstrumentationAnalysisTransform: /Users/tolu/.gradle/caches/8.14.3/transforms/da749d9e8f04dc0778f8682333431630/transformed/analysis/instrumentation-dependencies.bin because:
  Build cache is disabled
  Caching not enabled.
Caching disabled for MergeInstrumentationAnalysisTransform: /Users/tolu/.gradle/caches/modules-2/files-2.1/org.jetbrains.kotlin/kotlin-compiler-runner/2.0.21/ea7301e9ee0a6cf310b67619709d578dd57896dc/kotlin-compiler-runner-2.0.21.jar because:
  Build cache is disabled
  Caching not enabled.
Caching disabled for ExternalDependencyInstrumentingArtifactTransform: /Users/tolu/.gradle/caches/8.14.3/transforms/b829464d6d5c9bb5db92f6c4fca651b4/transformed/merge/instrumentation-dependencies.bin because:
  Build cache is disabled
  Caching not enabled.
Caching disabled for MergeInstrumentationAnalysisTransform: /Users/tolu/.gradle/caches/modules-2/files-2.1/org.jetbrains.kotlin/kotlin-util-klib/2.0.21/cc042c4a50a1ee46695a8f2f928c196223bdd7dc/kotlin-util-klib-2.0.21.jar because:
  Build cache is disabled
  Caching not enabled.
Caching disabled for MergeInstrumentationAnalysisTransform: /Users/tolu/.gradle/caches/modules-2/files-2.1/org.jetbrains.kotlin/kotlin-native-utils/2.0.21/ccdbc49a5d23f7ab782fbdff20c9426cf074f2d7/kotlin-native-utils-2.0.21.jar because:
  Build cache is disabled
  Caching not enabled.
Caching disabled for ExternalDependencyInstrumentingArtifactTransform: /Users/tolu/.gradle/caches/8.14.3/transforms/69be3a16dde8aa85472b101f89858d0a/transformed/merge/instrumentation-dependencies.bin because:
  Build cache is disabled
  Caching not enabled.
Caching disabled for ExternalDependencyInstrumentingArtifactTransform: /Users/tolu/.gradle/caches/modules-2/files-2.1/org.jetbrains.kotlin/kotlin-compiler-runner/2.0.21/ea7301e9ee0a6cf310b67619709d578dd57896dc/kotlin-compiler-runner-2.0.21.jar because:
  Build cache is disabled
  Caching not enabled.
Caching disabled for ExternalDependencyInstrumentingArtifactTransform: /Users/tolu/.gradle/caches/8.14.3/transforms/e04c702fefc04acf092333acf279ae70/transformed/merge/instrumentation-dependencies.bin because:
  Build cache is disabled
  Caching not enabled.
Caching disabled for MergeInstrumentationAnalysisTransform: /Users/tolu/.gradle/caches/8.14.3/transforms/a44a7f9c24bb3e965d22ade7846b7a04/transformed/analysis/instrumentation-hierarchy.bin because:
  Build cache is disabled
  Caching not enabled.
Caching disabled for MergeInstrumentationAnalysisTransform: /Users/tolu/.gradle/caches/8.14.3/transforms/a44a7f9c24bb3e965d22ade7846b7a04/transformed/analysis/instrumentation-dependencies.bin because:
  Build cache is disabled
  Caching not enabled.
Caching disabled for ExternalDependencyInstrumentingArtifactTransform: /Users/tolu/.gradle/caches/modules-2/files-2.1/org.jetbrains.kotlin/kotlin-util-klib/2.0.21/cc042c4a50a1ee46695a8f2f928c196223bdd7dc/kotlin-util-klib-2.0.21.jar because:
  Build cache is disabled
  Caching not enabled.
Caching disabled for MergeInstrumentationAnalysisTransform: /Users/tolu/.gradle/caches/8.14.3/transforms/b3c019857f8fbfe78ffb6ecf86d45e98/transformed/analysis/instrumentation-hierarchy.bin because:
  Build cache is disabled
  Caching not enabled.
Caching disabled for MergeInstrumentationAnalysisTransform: /Users/tolu/.gradle/caches/8.14.3/transforms/b3c019857f8fbfe78ffb6ecf86d45e98/transformed/analysis/instrumentation-dependencies.bin because:
  Build cache is disabled
  Caching not enabled.
Caching disabled for MergeInstrumentationAnalysisTransform: /Users/tolu/.gradle/caches/modules-2/files-2.1/com.google.jimfs/jimfs/1.1/8fbd0579dc68aba6186935cc1bee21d2f3e7ec1c/jimfs-1.1.jar because:
  Build cache is disabled
  Caching not enabled.
Caching disabled for ExternalDependencyInstrumentingArtifactTransform: /Users/tolu/.gradle/caches/modules-2/files-2.1/com.google.protobuf/protobuf-java/3.22.3/fdee98b8f6abab73f146a4edb4c09e56f8278d03/protobuf-java-3.22.3.jar because:
  Build cache is disabled
  Caching not enabled.
Caching disabled for MergeInstrumentationAnalysisTransform: /Users/tolu/.gradle/caches/8.14.3/transforms/4f23e45ecf95d8f9cdbdd692e2c23bd0/transformed/analysis/instrumentation-dependencies.bin because:
  Build cache is disabled
  Caching not enabled.
Caching disabled for MergeInstrumentationAnalysisTransform: /Users/tolu/.gradle/caches/8.14.3/transforms/28e939719d64ddc8a30872dfc216a704/transformed/analysis/instrumentation-hierarchy.bin because:
  Build cache is disabled
  Caching not enabled.
Caching disabled for MergeInstrumentationAnalysisTransform: /Users/tolu/.gradle/caches/modules-2/files-2.1/io.grpc/grpc-context/1.57.0/8d8f26a9b0bed637ee4592e1df3ef134ed2c54fd/grpc-context-1.57.0.jar because:
  Build cache is disabled
  Caching not enabled.
Caching disabled for MergeInstrumentationAnalysisTransform: /Users/tolu/.gradle/caches/8.14.3/transforms/28e939719d64ddc8a30872dfc216a704/transformed/analysis/instrumentation-dependencies.bin because:
  Build cache is disabled
  Caching not enabled.
Caching disabled for ExternalDependencyInstrumentingArtifactTransform: /Users/tolu/.gradle/caches/8.14.3/transforms/c4e6a133788a65c73b271ff38504e5d8/transformed/merge/instrumentation-dependencies.bin because:
  Build cache is disabled
  Caching not enabled.
Caching disabled for MergeInstrumentationAnalysisTransform: /Users/tolu/.gradle/caches/modules-2/files-2.1/io.grpc/grpc-protobuf-lite/1.57.0/ca0084219b71d29cd9bfc3b81780aca91a965753/grpc-protobuf-lite-1.57.0.jar because:
  Build cache is disabled
  Caching not enabled.
Caching disabled for ExternalDependencyInstrumentingArtifactTransform: /Users/tolu/.gradle/caches/modules-2/files-2.1/io.grpc/grpc-context/1.57.0/8d8f26a9b0bed637ee4592e1df3ef134ed2c54fd/grpc-context-1.57.0.jar because:
  Build cache is disabled
  Caching not enabled.
Caching disabled for ExternalDependencyInstrumentingArtifactTransform: /Users/tolu/.gradle/caches/modules-2/files-2.1/org.jetbrains.kotlin/kotlin-native-utils/2.0.21/ccdbc49a5d23f7ab782fbdff20c9426cf074f2d7/kotlin-native-utils-2.0.21.jar because:
  Build cache is disabled
  Caching not enabled.
Caching disabled for ExternalDependencyInstrumentingArtifactTransform: /Users/tolu/.gradle/caches/8.14.3/transforms/869ff43a1771d157aed6c77402b60c0c/transformed/merge/instrumentation-dependencies.bin because:
  Build cache is disabled
  Caching not enabled.
Caching disabled for MergeInstrumentationAnalysisTransform: /Users/tolu/.gradle/caches/8.14.3/transforms/de8ca93cee601471827c37a12e0d4159/transformed/analysis/instrumentation-hierarchy.bin because:
  Build cache is disabled
  Caching not enabled.
Caching disabled for MergeInstrumentationAnalysisTransform: /Users/tolu/.gradle/caches/8.14.3/transforms/abf02e63dd8d89ffc9094dc7814150b3/transformed/analysis/instrumentation-hierarchy.bin because:
  Build cache is disabled
  Caching not enabled.
Caching disabled for MergeInstrumentationAnalysisTransform: /Users/tolu/.gradle/caches/8.14.3/transforms/de8ca93cee601471827c37a12e0d4159/transformed/analysis/instrumentation-dependencies.bin because:
  Build cache is disabled
  Caching not enabled.
Caching disabled for MergeInstrumentationAnalysisTransform: /Users/tolu/.gradle/caches/8.14.3/transforms/abf02e63dd8d89ffc9094dc7814150b3/transformed/analysis/instrumentation-dependencies.bin because:
  Build cache is disabled
  Caching not enabled.
Caching disabled for ExternalDependencyInstrumentingArtifactTransform: /Users/tolu/.gradle/caches/modules-2/files-2.1/io.grpc/grpc-protobuf-lite/1.57.0/ca0084219b71d29cd9bfc3b81780aca91a965753/grpc-protobuf-lite-1.57.0.jar because:
  Build cache is disabled
  Caching not enabled.
Caching disabled for MergeInstrumentationAnalysisTransform: /Users/tolu/.gradle/caches/modules-2/files-2.1/io.grpc/grpc-api/1.57.0/768ab3e583b213a3672ec776e70765b594e8bbe5/grpc-api-1.57.0.jar because:
  Build cache is disabled
  Caching not enabled.
Caching disabled for MergeInstrumentationAnalysisTransform: /Users/tolu/.gradle/caches/8.14.3/transforms/284e826832c30d732d71f7542ffbb465/transformed/analysis/instrumentation-hierarchy.bin because:
  Build cache is disabled
  Caching not enabled.
Caching disabled for ExternalDependencyInstrumentingArtifactTransform: /Users/tolu/.gradle/caches/8.14.3/transforms/b7a8de88e5c944ded4d08b40d253dce5/transformed/merge/instrumentation-dependencies.bin because:
  Build cache is disabled
  Caching not enabled.
Caching disabled for MergeInstrumentationAnalysisTransform: /Users/tolu/.gradle/caches/8.14.3/transforms/284e826832c30d732d71f7542ffbb465/transformed/analysis/instrumentation-dependencies.bin because:
  Build cache is disabled
  Caching not enabled.
Caching disabled for ExternalDependencyInstrumentingArtifactTransform: /Users/tolu/.gradle/caches/modules-2/files-2.1/com.google.api.grpc/proto-google-common-protos/2.17.0/7edf1e3aa96dc3861f7a8f24556c714e9c5b292/proto-google-common-protos-2.17.0.jar because:
  Build cache is disabled
  Caching not enabled.
Caching disabled for MergeInstrumentationAnalysisTransform: /Users/tolu/.gradle/caches/modules-2/files-2.1/com.google.dagger/dagger/2.28.3/10d83810ef9e19714116ed518896c90c6606d633/dagger-2.28.3.jar because:
  Build cache is disabled
  Caching not enabled.
Caching disabled for MergeInstrumentationAnalysisTransform: /Users/tolu/.gradle/caches/modules-2/files-2.1/com.google.guava/guava/32.0.1-jre/6e5d51a72d142f2d40a57dfb897188b36a95b489/guava-32.0.1-jre.jar because:
  Build cache is disabled
  Caching not enabled.
Caching disabled for ExternalDependencyInstrumentingArtifactTransform: /Users/tolu/.gradle/caches/8.14.3/transforms/f11410f18e6265c849b29d2010f8cf8b/transformed/merge/instrumentation-dependencies.bin because:
  Build cache is disabled
  Caching not enabled.
Caching disabled for MergeInstrumentationAnalysisTransform: /Users/tolu/.gradle/caches/8.14.3/transforms/d2442b728fcdf66bbd919be583a16de2/transformed/analysis/instrumentation-dependencies.bin because:
  Build cache is disabled
  Caching not enabled.
Caching disabled for MergeInstrumentationAnalysisTransform: /Users/tolu/.gradle/caches/8.14.3/transforms/ce0fa0b81b70843dcf8bd8aa1fc3f9d1/transformed/analysis/instrumentation-hierarchy.bin because:
  Build cache is disabled
  Caching not enabled.
Caching disabled for MergeInstrumentationAnalysisTransform: /Users/tolu/.gradle/caches/8.14.3/transforms/ce0fa0b81b70843dcf8bd8aa1fc3f9d1/transformed/analysis/instrumentation-dependencies.bin because:
  Build cache is disabled
  Caching not enabled.
Caching disabled for MergeInstrumentationAnalysisTransform: /Users/tolu/.gradle/caches/modules-2/files-2.1/javax.inject/javax.inject/1/6975da39a7040257bd51d21a231b76c915872d38/javax.inject-1.jar because:
  Build cache is disabled
  Caching not enabled.
Caching disabled for MergeInstrumentationAnalysisTransform: /Users/tolu/.gradle/caches/modules-2/files-2.1/net.sf.kxml/kxml2/2.3.0/ccbc77a5fd907ef863c29f3596c6f54ffa4e9442/kxml2-2.3.0.jar because:
  Build cache is disabled
  Caching not enabled.
Caching disabled for MergeInstrumentationAnalysisTransform: /Users/tolu/.gradle/caches/8.14.3/transforms/51ed11ccbc563ca11742c8346461b2e5/transformed/analysis/instrumentation-hierarchy.bin because:
  Build cache is disabled
  Caching not enabled.
Caching disabled for MergeInstrumentationAnalysisTransform: /Users/tolu/.gradle/caches/8.14.3/transforms/f9ac2247e6c9ce994087ee008bc9f1ac/transformed/analysis/instrumentation-hierarchy.bin because:
  Build cache is disabled
  Caching not enabled.
Caching disabled for MergeInstrumentationAnalysisTransform: /Users/tolu/.gradle/caches/8.14.3/transforms/51ed11ccbc563ca11742c8346461b2e5/transformed/analysis/instrumentation-dependencies.bin because:
  Build cache is disabled
  Caching not enabled.
Caching disabled for MergeInstrumentationAnalysisTransform: /Users/tolu/.gradle/caches/8.14.3/transforms/f9ac2247e6c9ce994087ee008bc9f1ac/transformed/analysis/instrumentation-dependencies.bin because:
  Build cache is disabled
  Caching not enabled.
Caching disabled for MergeInstrumentationAnalysisTransform: /Users/tolu/.gradle/caches/modules-2/files-2.1/org.bouncycastle/bcutil-jdk18on/1.77/de3eaef351545fe8562cf29ddff4a403a45b49b7/bcutil-jdk18on-1.77.jar because:
  Build cache is disabled
  Caching not enabled.
Caching disabled for ExternalDependencyInstrumentingArtifactTransform: /Users/tolu/.gradle/caches/8.14.3/transforms/6159588211584002349fd5aae15fdc8b/transformed/merge/instrumentation-dependencies.bin because:
  Build cache is disabled
  Caching not enabled.
Caching disabled for MergeInstrumentationAnalysisTransform: /Users/tolu/.gradle/caches/modules-2/files-2.1/org.bouncycastle/bcprov-jdk18on/1.77/2cc971b6c20949c1ff98d1a4bc741ee848a09523/bcprov-jdk18on-1.77.jar because:
  Build cache is disabled
  Caching not enabled.
Caching disabled for ExternalDependencyInstrumentingArtifactTransform: /Users/tolu/.gradle/caches/modules-2/files-2.1/io.grpc/grpc-api/1.57.0/768ab3e583b213a3672ec776e70765b594e8bbe5/grpc-api-1.57.0.jar because:
  Build cache is disabled
  Caching not enabled.
Caching disabled for ExternalDependencyInstrumentingArtifactTransform: /Users/tolu/.gradle/caches/8.14.3/transforms/67868b062cb2e0f77bd4ffde2615b597/transformed/merge/instrumentation-dependencies.bin because:
  Build cache is disabled
  Caching not enabled.
Caching disabled for MergeInstrumentationAnalysisTransform: /Users/tolu/.gradle/caches/8.14.3/transforms/12ba9d30af29f1d6808ae9e0b152692b/transformed/analysis/instrumentation-hierarchy.bin because:
  Build cache is disabled
  Caching not enabled.
Caching disabled for MergeInstrumentationAnalysisTransform: /Users/tolu/.gradle/caches/8.14.3/transforms/12ba9d30af29f1d6808ae9e0b152692b/transformed/analysis/instrumentation-dependencies.bin because:
  Build cache is disabled
  Caching not enabled.
Caching disabled for MergeInstrumentationAnalysisTransform: /Users/tolu/.gradle/caches/modules-2/files-2.1/org.jetbrains.intellij.deps/trove4j/1.0.20200330/3afb14d5f9ceb459d724e907a21145e8ff394f02/trove4j-1.0.20200330.jar because:
  Build cache is disabled
  Caching not enabled.
Caching disabled for MergeInstrumentationAnalysisTransform: /Users/tolu/.gradle/caches/modules-2/files-2.1/org.jetbrains.kotlin/kotlin-compiler-embeddable/2.0.21/79346ed53db48b18312a472602eb5c057070c54d/kotlin-compiler-embeddable-2.0.21.jar because:
  Build cache is disabled
  Caching not enabled.
Caching disabled for ExternalDependencyInstrumentingArtifactTransform: /Users/tolu/.gradle/caches/8.14.3/transforms/01324da3e332d50dfb6ed7e3cc3a2acf/transformed/merge/instrumentation-dependencies.bin because:
  Build cache is disabled
  Caching not enabled.
Caching disabled for MergeInstrumentationAnalysisTransform: /Users/tolu/.gradle/caches/8.14.3/transforms/9644cc3a94f1e3cc3a6dc1dd27f33232/transformed/analysis/instrumentation-hierarchy.bin because:
  Build cache is disabled
  Caching not enabled.
Caching disabled for MergeInstrumentationAnalysisTransform: /Users/tolu/.gradle/caches/8.14.3/transforms/9644cc3a94f1e3cc3a6dc1dd27f33232/transformed/analysis/instrumentation-dependencies.bin because:
  Build cache is disabled
  Caching not enabled.
Caching disabled for MergeInstrumentationAnalysisTransform: /Users/tolu/.gradle/caches/modules-2/files-2.1/org.apache.commons/commons-compress/1.21/4ec95b60d4e86b5c95a0e919cb172a0af98011ef/commons-compress-1.21.jar because:
  Build cache is disabled
  Caching not enabled.
Caching disabled for ExternalDependencyInstrumentingArtifactTransform: /Users/tolu/.gradle/caches/modules-2/files-2.1/com.google.testing.platform/core-proto/0.0.9-alpha02/ee54219cbb4a7fb83cdc528e9a85e0383f3ee726/core-proto-0.0.9-alpha02.jar because:
  Build cache is disabled
  Caching not enabled.
Caching disabled for MergeInstrumentationAnalysisTransform: /Users/tolu/.gradle/caches/8.14.3/transforms/168ca437d6681beaf3e9567d0974cac2/transformed/analysis/instrumentation-hierarchy.bin because:
  Build cache is disabled
  Caching not enabled.
Caching disabled for MergeInstrumentationAnalysisTransform: /Users/tolu/.gradle/caches/8.14.3/transforms/197e7ddcee9dcde88fa369c56bc75788/transformed/analysis/instrumentation-hierarchy.bin because:
  Build cache is disabled
  Caching not enabled.
Caching disabled for MergeInstrumentationAnalysisTransform: /Users/tolu/.gradle/caches/8.14.3/transforms/168ca437d6681beaf3e9567d0974cac2/transformed/analysis/instrumentation-dependencies.bin because:
  Build cache is disabled
  Caching not enabled.
Caching disabled for MergeInstrumentationAnalysisTransform: /Users/tolu/.gradle/caches/8.14.3/transforms/197e7ddcee9dcde88fa369c56bc75788/transformed/analysis/instrumentation-dependencies.bin because:
  Build cache is disabled
  Caching not enabled.
Caching disabled for MergeInstrumentationAnalysisTransform: /Users/tolu/.gradle/caches/modules-2/files-2.1/org.apache.httpcomponents/httpcore/4.4.16/51cf043c87253c9f58b539c9f7e44c8894223850/httpcore-4.4.16.jar because:
  Build cache is disabled
  Caching not enabled.
Caching disabled for MergeInstrumentationAnalysisTransform: /Users/tolu/.gradle/caches/modules-2/files-2.1/org.apache.httpcomponents/httpclient/4.5.14/1194890e6f56ec29177673f2f12d0b8e627dec98/httpclient-4.5.14.jar because:
  Build cache is disabled
  Caching not enabled.
Caching disabled for MergeInstrumentationAnalysisTransform: /Users/tolu/.gradle/caches/8.14.3/transforms/d5cdba276ea5f9f7f2b8c360cd1998ca/transformed/analysis/instrumentation-hierarchy.bin because:
  Build cache is disabled
  Caching not enabled.
Caching disabled for MergeInstrumentationAnalysisTransform: /Users/tolu/.gradle/caches/8.14.3/transforms/d5cdba276ea5f9f7f2b8c360cd1998ca/transformed/analysis/instrumentation-dependencies.bin because:
  Build cache is disabled
  Caching not enabled.
Caching disabled for MergeInstrumentationAnalysisTransform: /Users/tolu/.gradle/caches/modules-2/files-2.1/com.sun.activation/javax.activation/1.2.0/bf744c1e2776ed1de3c55c8dac1057ec331ef744/javax.activation-1.2.0.jar because:
  Build cache is disabled
  Caching not enabled.
Caching disabled for MergeInstrumentationAnalysisTransform: /Users/tolu/.gradle/caches/8.14.3/transforms/9136bcdc15b036a4eb620cfb0c834228/transformed/analysis/instrumentation-dependencies.bin because:
  Build cache is disabled
  Caching not enabled.
Caching disabled for MergeInstrumentationAnalysisTransform: /Users/tolu/.gradle/caches/modules-2/files-2.1/org.jetbrains/annotations/23.0.0/8cc20c07506ec18e0834947b84a864bfc094484e/annotations-23.0.0.jar because:
  Build cache is disabled
  Caching not enabled.
Caching disabled for MergeInstrumentationAnalysisTransform: /Users/tolu/.gradle/caches/8.14.3/transforms/9089f32ce0e0439f05e315d17199a824/transformed/analysis/instrumentation-hierarchy.bin because:
  Build cache is disabled
  Caching not enabled.
Caching disabled for MergeInstrumentationAnalysisTransform: /Users/tolu/.gradle/caches/8.14.3/transforms/9089f32ce0e0439f05e315d17199a824/transformed/analysis/instrumentation-dependencies.bin because:
  Build cache is disabled
  Caching not enabled.
Caching disabled for MergeInstrumentationAnalysisTransform: /Users/tolu/.gradle/caches/modules-2/files-2.1/com.android/signflinger/8.7.0/13f035dd8e7e470ff8f3216a0b46333187f26df5/signflinger-8.7.0.jar because:
  Build cache is disabled
  Caching not enabled.
Caching disabled for ExternalDependencyInstrumentingArtifactTransform: /Users/tolu/.gradle/caches/8.14.3/transforms/e19914814cf90d759a325920af51b222/transformed/merge/instrumentation-dependencies.bin because:
  Build cache is disabled
  Caching not enabled.
Caching disabled for ExternalDependencyInstrumentingArtifactTransform: /Users/tolu/.gradle/caches/modules-2/files-2.1/org.bouncycastle/bcutil-jdk18on/1.77/de3eaef351545fe8562cf29ddff4a403a45b49b7/bcutil-jdk18on-1.77.jar because:
  Build cache is disabled
  Caching not enabled.
Caching disabled for MergeInstrumentationAnalysisTransform: /Users/tolu/.gradle/caches/8.14.3/transforms/e099122f6c51408afa4a89a25ea7d2f1/transformed/analysis/instrumentation-hierarchy.bin because:
  Build cache is disabled
  Caching not enabled.
Caching disabled for MergeInstrumentationAnalysisTransform: /Users/tolu/.gradle/caches/8.14.3/transforms/e099122f6c51408afa4a89a25ea7d2f1/transformed/analysis/instrumentation-dependencies.bin because:
  Build cache is disabled
  Caching not enabled.
Caching disabled for MergeInstrumentationAnalysisTransform: /Users/tolu/.gradle/caches/8.14.3/transforms/5cfcdea407e269403b1bfa2612ce8d66/transformed/analysis/instrumentation-dependencies.bin because:
  Build cache is disabled
  Caching not enabled.
Caching disabled for ExternalDependencyInstrumentingArtifactTransform: /Users/tolu/.gradle/caches/modules-2/files-2.1/com.android/signflinger/8.7.0/13f035dd8e7e470ff8f3216a0b46333187f26df5/signflinger-8.7.0.jar because:
  Build cache is disabled
  Caching not enabled.
Caching disabled for MergeInstrumentationAnalysisTransform: /Users/tolu/.gradle/caches/modules-2/files-2.1/com.android/zipflinger/8.7.0/de8e3267995699af356740cf562cbedb485f5763/zipflinger-8.7.0.jar because:
  Build cache is disabled
  Caching not enabled.
Caching disabled for MergeInstrumentationAnalysisTransform: /Users/tolu/.gradle/caches/8.14.3/transforms/342df1d3440d90ff9fef0c51f4cacf4c/transformed/analysis/instrumentation-hierarchy.bin because:
  Build cache is disabled
  Caching not enabled.
Caching disabled for MergeInstrumentationAnalysisTransform: /Users/tolu/.gradle/caches/modules-2/files-2.1/com.android.tools/annotations/31.7.0/1946e7f75bc1615b4abfc0f83899934dfcbdf1fc/annotations-31.7.0.jar because:
  Build cache is disabled
  Caching not enabled.
Caching disabled for ExternalDependencyInstrumentingArtifactTransform: /Users/tolu/.gradle/caches/8.14.3/transforms/d8146cdbaf4287b85e25d88c8a5cbef0/transformed/merge/instrumentation-dependencies.bin because:
  Build cache is disabled
  Caching not enabled.
Caching disabled for ExternalDependencyInstrumentingArtifactTransform: /Users/tolu/.gradle/caches/8.14.3/transforms/7da159fbe5a03a63bc8120eb7fde3f26/transformed/merge/instrumentation-dependencies.bin because:
  Build cache is disabled
  Caching not enabled.
Caching disabled for MergeInstrumentationAnalysisTransform: /Users/tolu/.gradle/caches/8.14.3/transforms/342df1d3440d90ff9fef0c51f4cacf4c/transformed/analysis/instrumentation-dependencies.bin because:
  Build cache is disabled
  Caching not enabled.
Caching disabled for ExternalDependencyInstrumentingArtifactTransform: /Users/tolu/.gradle/caches/modules-2/files-2.1/com.android.tools/annotations/31.7.0/1946e7f75bc1615b4abfc0f83899934dfcbdf1fc/annotations-31.7.0.jar because:
  Build cache is disabled
  Caching not enabled.
Caching disabled for MergeInstrumentationAnalysisTransform: /Users/tolu/.gradle/caches/modules-2/files-2.1/net.java.dev.jna/jna-platform/5.6.0/d18424ffb8bbfd036d71bcaab9b546858f2ef986/jna-platform-5.6.0.jar because:
  Build cache is disabled
  Caching not enabled.
Caching disabled for ExternalDependencyInstrumentingArtifactTransform: /Users/tolu/.gradle/caches/modules-2/files-2.1/com.android/zipflinger/8.7.0/de8e3267995699af356740cf562cbedb485f5763/zipflinger-8.7.0.jar because:
  Build cache is disabled
  Caching not enabled.
Caching disabled for MergeInstrumentationAnalysisTransform: /Users/tolu/.gradle/caches/8.14.3/transforms/1f1ab08aaae54988fcb737685c166133/transformed/analysis/instrumentation-dependencies.bin because:
  Build cache is disabled
  Caching not enabled.
Caching disabled for MergeInstrumentationAnalysisTransform: /Users/tolu/.gradle/caches/8.14.3/transforms/e10331dc352e32f72d870f784f40372f/transformed/analysis/instrumentation-hierarchy.bin because:
  Build cache is disabled
  Caching not enabled.
Caching disabled for MergeInstrumentationAnalysisTransform: /Users/tolu/.gradle/caches/modules-2/files-2.1/javax.annotation/javax.annotation-api/1.3.2/934c04d3cfef185a8008e7bf34331b79730a9d43/javax.annotation-api-1.3.2.jar because:
  Build cache is disabled
  Caching not enabled.
Caching disabled for MergeInstrumentationAnalysisTransform: /Users/tolu/.gradle/caches/8.14.3/transforms/e10331dc352e32f72d870f784f40372f/transformed/analysis/instrumentation-dependencies.bin because:
  Build cache is disabled
  Caching not enabled.
Caching disabled for MergeInstrumentationAnalysisTransform: /Users/tolu/.gradle/caches/modules-2/files-2.1/org.jvnet.staxex/stax-ex/1.8.1/78011e483a21102fb4858f3e8f269a677e50aa23/stax-ex-1.8.1.jar because:
  Build cache is disabled
  Caching not enabled.
Caching disabled for MergeInstrumentationAnalysisTransform: /Users/tolu/.gradle/caches/8.14.3/transforms/1201230e9f9047582a54538c27ee063b/transformed/analysis/instrumentation-hierarchy.bin because:
  Build cache is disabled
  Caching not enabled.
Caching disabled for MergeInstrumentationAnalysisTransform: /Users/tolu/.gradle/caches/8.14.3/transforms/1201230e9f9047582a54538c27ee063b/transformed/analysis/instrumentation-dependencies.bin because:
  Build cache is disabled
  Caching not enabled.
Caching disabled for MergeInstrumentationAnalysisTransform: /Users/tolu/.gradle/caches/modules-2/files-2.1/jakarta.xml.bind/jakarta.xml.bind-api/2.3.2/8d49996a4338670764d7ca4b85a1c4ccf7fe665d/jakarta.xml.bind-api-2.3.2.jar because:
  Build cache is disabled
  Caching not enabled.
Caching disabled for MergeInstrumentationAnalysisTransform: /Users/tolu/.gradle/caches/8.14.3/transforms/5356e486d9d961a3b691a9216a206a98/transformed/analysis/instrumentation-hierarchy.bin because:
  Build cache is disabled
  Caching not enabled.
Caching disabled for MergeInstrumentationAnalysisTransform: /Users/tolu/.gradle/caches/8.14.3/transforms/5356e486d9d961a3b691a9216a206a98/transformed/analysis/instrumentation-dependencies.bin because:
  Build cache is disabled
  Caching not enabled.
Caching disabled for MergeInstrumentationAnalysisTransform: /Users/tolu/.gradle/caches/8.14.3/transforms/fc19fe0542eda895b7ffaa6fc9ef467c/transformed/analysis/instrumentation-hierarchy.bin because:
  Build cache is disabled
  Caching not enabled.
Caching disabled for MergeInstrumentationAnalysisTransform: /Users/tolu/.gradle/caches/modules-2/files-2.1/org.glassfish.jaxb/txw2/2.3.2/ce5be7da2e442c25ec14c766cb60cb802741727b/txw2-2.3.2.jar because:
  Build cache is disabled
  Caching not enabled.
Caching disabled for MergeInstrumentationAnalysisTransform: /Users/tolu/.gradle/caches/8.14.3/transforms/fc19fe0542eda895b7ffaa6fc9ef467c/transformed/analysis/instrumentation-dependencies.bin because:
  Build cache is disabled
  Caching not enabled.
Caching disabled for MergeInstrumentationAnalysisTransform: /Users/tolu/.gradle/caches/modules-2/files-2.1/com.sun.istack/istack-commons-runtime/3.0.8/d6a97364045aa6b99bf2d3c566a3f98599c2d296/istack-commons-runtime-3.0.8.jar because:
  Build cache is disabled
  Caching not enabled.
Caching disabled for MergeInstrumentationAnalysisTransform: /Users/tolu/.gradle/caches/8.14.3/transforms/9637a66fbe430f3d0674a3c49ba83d5d/transformed/analysis/instrumentation-hierarchy.bin because:
  Build cache is disabled
  Caching not enabled.
Caching disabled for MergeInstrumentationAnalysisTransform: /Users/tolu/.gradle/caches/8.14.3/transforms/e0b5fa4acd4eaf694bc24d1db9af6f47/transformed/analysis/instrumentation-hierarchy.bin because:
  Build cache is disabled
  Caching not enabled.
Caching disabled for MergeInstrumentationAnalysisTransform: /Users/tolu/.gradle/caches/8.14.3/transforms/9637a66fbe430f3d0674a3c49ba83d5d/transformed/analysis/instrumentation-dependencies.bin because:
  Build cache is disabled
  Caching not enabled.
Caching disabled for MergeInstrumentationAnalysisTransform: /Users/tolu/.gradle/caches/8.14.3/transforms/e0b5fa4acd4eaf694bc24d1db9af6f47/transformed/analysis/instrumentation-dependencies.bin because:
  Build cache is disabled
  Caching not enabled.
Caching disabled for MergeInstrumentationAnalysisTransform: /Users/tolu/.gradle/caches/modules-2/files-2.1/com.sun.xml.fastinfoset/FastInfoset/1.2.16/4eb6a0adad553bf759ffe86927df6f3b848c8bea/FastInfoset-1.2.16.jar because:
  Build cache is disabled
  Caching not enabled.
Caching disabled for MergeInstrumentationAnalysisTransform: /Users/tolu/.gradle/caches/modules-2/files-2.1/jakarta.activation/jakarta.activation-api/1.2.1/562a587face36ec7eff2db7f2fc95425c6602bc1/jakarta.activation-api-1.2.1.jar because:
  Build cache is disabled
  Caching not enabled.
Caching disabled for MergeInstrumentationAnalysisTransform: /Users/tolu/.gradle/caches/8.14.3/transforms/252d13c5ee31f407e4607a4185afd9bf/transformed/analysis/instrumentation-dependencies.bin because:
  Build cache is disabled
  Caching not enabled.
Caching disabled for MergeInstrumentationAnalysisTransform: /Users/tolu/.gradle/caches/8.14.3/transforms/a1d8793802be8f733aebe70703cacba1/transformed/analysis/instrumentation-dependencies.bin because:
  Build cache is disabled
  Caching not enabled.
Caching disabled for MergeInstrumentationAnalysisTransform: /Users/tolu/.gradle/caches/modules-2/files-2.1/com.google.auto.value/auto-value-annotations/1.6.2/ed193d86e0af90cc2342aedbe73c5d86b03fa09b/auto-value-annotations-1.6.2.jar because:
  Build cache is disabled
  Caching not enabled.
Caching disabled for MergeInstrumentationAnalysisTransform: /Users/tolu/.gradle/caches/modules-2/files-2.1/com.google.errorprone/error_prone_annotations/2.18.0/89b684257096f548fa39a7df9fdaa409d4d4df91/error_prone_annotations-2.18.0.jar because:
  Build cache is disabled
  Caching not enabled.
Caching disabled for ExternalDependencyInstrumentingArtifactTransform: /Users/tolu/.gradle/caches/8.14.3/transforms/20aad897595a5d3acd49db4b3a34d7cc/transformed/merge/instrumentation-dependencies.bin because:
  Build cache is disabled
  Caching not enabled.
Caching disabled for MergeInstrumentationAnalysisTransform: /Users/tolu/.gradle/caches/8.14.3/transforms/63054207c820893e202b1e7954365784/transformed/analysis/instrumentation-hierarchy.bin because:
  Build cache is disabled
  Caching not enabled.
Caching disabled for MergeInstrumentationAnalysisTransform: /Users/tolu/.gradle/caches/8.14.3/transforms/63054207c820893e202b1e7954365784/transformed/analysis/instrumentation-dependencies.bin because:
  Build cache is disabled
  Caching not enabled.
Caching disabled for ExternalDependencyInstrumentingArtifactTransform: /Users/tolu/.gradle/caches/modules-2/files-2.1/com.google.errorprone/error_prone_annotations/2.18.0/89b684257096f548fa39a7df9fdaa409d4d4df91/error_prone_annotations-2.18.0.jar because:
  Build cache is disabled
  Caching not enabled.
Caching disabled for MergeInstrumentationAnalysisTransform: /Users/tolu/.gradle/caches/8.14.3/transforms/8ac3f6a274b40211c2c2da03ad2d0831/transformed/analysis/instrumentation-hierarchy.bin because:
  Build cache is disabled
  Caching not enabled.
Caching disabled for MergeInstrumentationAnalysisTransform: /Users/tolu/.gradle/caches/modules-2/files-2.1/org.bitbucket.b_c/jose4j/0.9.5/e4ca26802488e6f16e24558d74ac8775a955fdd3/jose4j-0.9.5.jar because:
  Build cache is disabled
  Caching not enabled.
Caching disabled for MergeInstrumentationAnalysisTransform: /Users/tolu/.gradle/caches/8.14.3/transforms/8ac3f6a274b40211c2c2da03ad2d0831/transformed/analysis/instrumentation-dependencies.bin because:
  Build cache is disabled
  Caching not enabled.
Caching disabled for MergeInstrumentationAnalysisTransform: /Users/tolu/.gradle/caches/modules-2/files-2.1/org.slf4j/slf4j-api/1.7.30/b5a4b6d16ab13e34a88fae84c35cd5d68cac922c/slf4j-api-1.7.30.jar because:
  Build cache is disabled
  Caching not enabled.
Caching disabled for MergeInstrumentationAnalysisTransform: /Users/tolu/.gradle/caches/8.14.3/transforms/09f07a3e4c837bddfb4ce875f2392e9b/transformed/analysis/instrumentation-hierarchy.bin because:
  Build cache is disabled
  Caching not enabled.
Caching disabled for MergeInstrumentationAnalysisTransform: /Users/tolu/.gradle/caches/8.14.3/transforms/09f07a3e4c837bddfb4ce875f2392e9b/transformed/analysis/instrumentation-dependencies.bin because:
  Build cache is disabled
  Caching not enabled.
Caching disabled for MergeInstrumentationAnalysisTransform: /Users/tolu/.gradle/caches/8.14.3/transforms/536791360043f5aafc362cdf6edb2f47/transformed/analysis/instrumentation-hierarchy.bin because:
  Build cache is disabled
  Caching not enabled.
Caching disabled for MergeInstrumentationAnalysisTransform: /Users/tolu/.gradle/caches/8.14.3/transforms/536791360043f5aafc362cdf6edb2f47/transformed/analysis/instrumentation-dependencies.bin because:
  Build cache is disabled
  Caching not enabled.
Caching disabled for MergeInstrumentationAnalysisTransform: /Users/tolu/.gradle/caches/modules-2/files-2.1/org.jdom/jdom2/2.0.6/6f14738ec2e9dd0011e343717fa624a10f8aab64/jdom2-2.0.6.jar because:
  Build cache is disabled
  Caching not enabled.
Caching disabled for MergeInstrumentationAnalysisTransform: /Users/tolu/.gradle/caches/modules-2/files-2.1/com.google.code.findbugs/jsr305/3.0.2/25ea2e8b0c338a877313bd4672d3fe056ea78f0d/jsr305-3.0.2.jar because:
  Build cache is disabled
  Caching not enabled.
Caching disabled for MergeInstrumentationAnalysisTransform: /Users/tolu/.gradle/caches/8.14.3/transforms/513a53d81326b0ef5bb0afc385799c39/transformed/analysis/instrumentation-dependencies.bin because:
  Build cache is disabled
  Caching not enabled.
Caching disabled for MergeInstrumentationAnalysisTransform: /Users/tolu/.gradle/caches/8.14.3/transforms/b5df6b58fd7a36dee3fcf74524edc5e5/transformed/analysis/instrumentation-dependencies.bin because:
  Build cache is disabled
  Caching not enabled.
Caching disabled for MergeInstrumentationAnalysisTransform: /Users/tolu/.gradle/caches/modules-2/files-2.1/com.google.j2objc/j2objc-annotations/2.8/c85270e307e7b822f1086b93689124b89768e273/j2objc-annotations-2.8.jar because:
  Build cache is disabled
  Caching not enabled.
Caching disabled for MergeInstrumentationAnalysisTransform: /Users/tolu/.gradle/caches/modules-2/files-2.1/com.google.android/annotations/4.1.1.4/a1678ba907bf92691d879fef34e1a187038f9259/annotations-4.1.1.4.jar because:
  Build cache is disabled
  Caching not enabled.
Caching disabled for ExternalDependencyInstrumentingArtifactTransform: /Users/tolu/.gradle/caches/8.14.3/transforms/d1cea90a76f3537cf09e7a027b5269b2/transformed/merge/instrumentation-dependencies.bin because:
  Build cache is disabled
  Caching not enabled.
Caching disabled for ExternalDependencyInstrumentingArtifactTransform: /Users/tolu/.gradle/caches/modules-2/files-2.1/com.google.j2objc/j2objc-annotations/2.8/c85270e307e7b822f1086b93689124b89768e273/j2objc-annotations-2.8.jar because:
  Build cache is disabled
  Caching not enabled.
Caching disabled for MergeInstrumentationAnalysisTransform: /Users/tolu/.gradle/caches/8.14.3/transforms/af64e2e93967429aea154e2a654b7794/transformed/analysis/instrumentation-dependencies.bin because:
  Build cache is disabled
  Caching not enabled.
Caching disabled for MergeInstrumentationAnalysisTransform: /Users/tolu/.gradle/caches/8.14.3/transforms/0d5d47e02a4bfad08c92df0e55fc1e44/transformed/analysis/instrumentation-hierarchy.bin because:
  Build cache is disabled
  Caching not enabled.
Caching disabled for MergeInstrumentationAnalysisTransform: /Users/tolu/.gradle/caches/8.14.3/transforms/0d5d47e02a4bfad08c92df0e55fc1e44/transformed/analysis/instrumentation-dependencies.bin because:
  Build cache is disabled
  Caching not enabled.
Caching disabled for MergeInstrumentationAnalysisTransform: /Users/tolu/.gradle/caches/modules-2/files-2.1/org.codehaus.mojo/animal-sniffer-annotations/1.23/3c0daebd5f0e1ce72cc50c818321ac957aeb5d70/animal-sniffer-annotations-1.23.jar because:
  Build cache is disabled
  Caching not enabled.
Caching disabled for ExternalDependencyInstrumentingArtifactTransform: /Users/tolu/.gradle/caches/8.14.3/transforms/60635fad225bfbd7f5a7ad60b7a56c35/transformed/merge/instrumentation-dependencies.bin because:
  Build cache is disabled
  Caching not enabled.
Caching disabled for MergeInstrumentationAnalysisTransform: /Users/tolu/.gradle/caches/modules-2/files-2.1/io.perfmark/perfmark-api/0.26.0/ef65452adaf20bf7d12ef55913aba24037b82738/perfmark-api-0.26.0.jar because:
  Build cache is disabled
  Caching not enabled.
Caching disabled for ExternalDependencyInstrumentingArtifactTransform: /Users/tolu/.gradle/caches/8.14.3/transforms/70d136515987d36b1c1829e0bd02685f/transformed/merge/instrumentation-dependencies.bin because:
  Build cache is disabled
  Caching not enabled.
Caching disabled for ExternalDependencyInstrumentingArtifactTransform: /Users/tolu/.gradle/caches/modules-2/files-2.1/org.codehaus.mojo/animal-sniffer-annotations/1.23/3c0daebd5f0e1ce72cc50c818321ac957aeb5d70/animal-sniffer-annotations-1.23.jar because:
  Build cache is disabled
  Caching not enabled.
Caching disabled for MergeInstrumentationAnalysisTransform: /Users/tolu/.gradle/caches/8.14.3/transforms/f7b9b5bb5c8dcfffb3d65bd4e5e9b041/transformed/analysis/instrumentation-hierarchy.bin because:
  Build cache is disabled
  Caching not enabled.
Caching disabled for ExternalDependencyInstrumentingArtifactTransform: /Users/tolu/.gradle/caches/modules-2/files-2.1/io.perfmark/perfmark-api/0.26.0/ef65452adaf20bf7d12ef55913aba24037b82738/perfmark-api-0.26.0.jar because:
  Build cache is disabled
  Caching not enabled.
Caching disabled for MergeInstrumentationAnalysisTransform: /Users/tolu/.gradle/caches/8.14.3/transforms/f7b9b5bb5c8dcfffb3d65bd4e5e9b041/transformed/analysis/instrumentation-dependencies.bin because:
  Build cache is disabled
  Caching not enabled.
Caching disabled for MergeInstrumentationAnalysisTransform: /Users/tolu/.gradle/caches/8.14.3/transforms/fe45e9e7256ec0f99b4c82fa60d58a01/transformed/analysis/instrumentation-hierarchy.bin because:
  Build cache is disabled
  Caching not enabled.
Caching disabled for MergeInstrumentationAnalysisTransform: /Users/tolu/.gradle/caches/8.14.3/transforms/fe45e9e7256ec0f99b4c82fa60d58a01/transformed/analysis/instrumentation-dependencies.bin because:
  Build cache is disabled
  Caching not enabled.
Caching disabled for MergeInstrumentationAnalysisTransform: /Users/tolu/.gradle/caches/modules-2/files-2.1/io.netty/netty-codec-http2/4.1.93.Final/f1625b43bde13ec057da0d2fe381ded2547a70e/netty-codec-http2-4.1.93.Final.jar because:
  Build cache is disabled
  Caching not enabled.
Caching disabled for ExternalDependencyInstrumentingArtifactTransform: /Users/tolu/.gradle/caches/8.14.3/transforms/67adcdd1b0d90d4b3ca142f9a5aa8a59/transformed/merge/instrumentation-dependencies.bin because:
  Build cache is disabled
  Caching not enabled.
Caching disabled for MergeInstrumentationAnalysisTransform: /Users/tolu/.gradle/caches/modules-2/files-2.1/io.netty/netty-handler-proxy/4.1.93.Final/c165c1efe1b9c0cc22546a057b530611a088768b/netty-handler-proxy-4.1.93.Final.jar because:
  Build cache is disabled
  Caching not enabled.
Caching disabled for ExternalDependencyInstrumentingArtifactTransform: /Users/tolu/.gradle/caches/modules-2/files-2.1/org.jetbrains.kotlin/kotlin-gradle-plugin-idea-proto/2.0.21/7ee6324747edb846bb869955000c513797eaf6d7/kotlin-gradle-plugin-idea-proto-2.0.21.jar because:
  Build cache is disabled
  Caching not enabled.
Caching disabled for ExternalDependencyInstrumentingArtifactTransform: /Users/tolu/.gradle/caches/8.14.3/transforms/bc25734b6066564c2641fb777f53fd61/transformed/merge/instrumentation-dependencies.bin because:
  Build cache is disabled
  Caching not enabled.
Caching disabled for MergeInstrumentationAnalysisTransform: /Users/tolu/.gradle/caches/8.14.3/transforms/c989810181839e0c04dd3aef78b4201c/transformed/analysis/instrumentation-hierarchy.bin because:
  Build cache is disabled
  Caching not enabled.
Caching disabled for MergeInstrumentationAnalysisTransform: /Users/tolu/.gradle/caches/8.14.3/transforms/c989810181839e0c04dd3aef78b4201c/transformed/analysis/instrumentation-dependencies.bin because:
  Build cache is disabled
  Caching not enabled.
Caching disabled for ExternalDependencyInstrumentingArtifactTransform: /Users/tolu/.gradle/caches/modules-2/files-2.1/io.netty/netty-handler-proxy/4.1.93.Final/c165c1efe1b9c0cc22546a057b530611a088768b/netty-handler-proxy-4.1.93.Final.jar because:
  Build cache is disabled
  Caching not enabled.
Caching disabled for MergeInstrumentationAnalysisTransform: /Users/tolu/.gradle/caches/modules-2/files-2.1/io.netty/netty-codec-http/4.1.93.Final/36acf0c94d03eb6ecef78a749a32cbb7dc0c57b4/netty-codec-http-4.1.93.Final.jar because:
  Build cache is disabled
  Caching not enabled.
Caching disabled for MergeInstrumentationAnalysisTransform: /Users/tolu/.gradle/caches/8.14.3/transforms/0210f79134214851dec4278a69de5848/transformed/analysis/instrumentation-hierarchy.bin because:
  Build cache is disabled
  Caching not enabled.
Caching disabled for ExternalDependencyInstrumentingArtifactTransform: /Users/tolu/.gradle/caches/8.14.3/transforms/7b39adce3e33c8f6b2e6aad9d4141e70/transformed/merge/instrumentation-dependencies.bin because:
  Build cache is disabled
  Caching not enabled.
Caching disabled for MergeInstrumentationAnalysisTransform: /Users/tolu/.gradle/caches/8.14.3/transforms/0210f79134214851dec4278a69de5848/transformed/analysis/instrumentation-dependencies.bin because:
  Build cache is disabled
  Caching not enabled.
Caching disabled for MergeInstrumentationAnalysisTransform: /Users/tolu/.gradle/caches/modules-2/files-2.1/io.netty/netty-handler/4.1.93.Final/10f7ed9d8e1bfcba416074c70e5388be96116bfc/netty-handler-4.1.93.Final.jar because:
  Build cache is disabled
  Caching not enabled.
Caching disabled for ExternalDependencyInstrumentingArtifactTransform: /Users/tolu/.gradle/caches/8.14.3/transforms/e9493b87f109399c8260e81fdde18af5/transformed/merge/instrumentation-dependencies.bin because:
  Build cache is disabled
  Caching not enabled.
Caching disabled for ExternalDependencyInstrumentingArtifactTransform: /Users/tolu/.gradle/caches/modules-2/files-2.1/io.netty/netty-codec-http2/4.1.93.Final/f1625b43bde13ec057da0d2fe381ded2547a70e/netty-codec-http2-4.1.93.Final.jar because:
  Build cache is disabled
  Caching not enabled.
Caching disabled for MergeInstrumentationAnalysisTransform: /Users/tolu/.gradle/caches/8.14.3/transforms/8e66d649abcbcbb3408f8380d0717f8c/transformed/analysis/instrumentation-hierarchy.bin because:
  Build cache is disabled
  Caching not enabled.
Caching disabled for MergeInstrumentationAnalysisTransform: /Users/tolu/.gradle/caches/8.14.3/transforms/8e66d649abcbcbb3408f8380d0717f8c/transformed/analysis/instrumentation-dependencies.bin because:
  Build cache is disabled
  Caching not enabled.
Caching disabled for MergeInstrumentationAnalysisTransform: /Users/tolu/.gradle/caches/modules-2/files-2.1/io.netty/netty-transport-native-unix-common/4.1.93.Final/f4fb8b4c8da539091f43abcbb9f0389e48807eea/netty-transport-native-unix-common-4.1.93.Final.jar because:
  Build cache is disabled
  Caching not enabled.
Caching disabled for ExternalDependencyInstrumentingArtifactTransform: /Users/tolu/.gradle/caches/8.14.3/transforms/5b59aaf5fc7083a8d094ef5b9294709a/transformed/merge/instrumentation-dependencies.bin because:
  Build cache is disabled
  Caching not enabled.
Caching disabled for ExternalDependencyInstrumentingArtifactTransform: /Users/tolu/.gradle/caches/modules-2/files-2.1/io.netty/netty-transport-native-unix-common/4.1.93.Final/f4fb8b4c8da539091f43abcbb9f0389e48807eea/netty-transport-native-unix-common-4.1.93.Final.jar because:
  Build cache is disabled
  Caching not enabled.
Caching disabled for MergeInstrumentationAnalysisTransform: /Users/tolu/.gradle/caches/8.14.3/transforms/dfa7b236d1d31a3edc8eb9547df956ca/transformed/analysis/instrumentation-dependencies.bin because:
  Build cache is disabled
  Caching not enabled.
Caching disabled for MergeInstrumentationAnalysisTransform: /Users/tolu/.gradle/caches/modules-2/files-2.1/org.checkerframework/checker-qual/3.33.0/de2b60b62da487644fc11f734e73c8b0b431238f/checker-qual-3.33.0.jar because:
  Build cache is disabled
  Caching not enabled.
Caching disabled for ExternalDependencyInstrumentingArtifactTransform: /Users/tolu/.gradle/caches/8.14.3/transforms/560a8846d59b7a71811849b9395eabdc/transformed/merge/instrumentation-dependencies.bin because:
  Build cache is disabled
  Caching not enabled.
Caching disabled for ExternalDependencyInstrumentingArtifactTransform: /Users/tolu/.gradle/caches/modules-2/files-2.1/io.netty/netty-handler/4.1.93.Final/10f7ed9d8e1bfcba416074c70e5388be96116bfc/netty-handler-4.1.93.Final.jar because:
  Build cache is disabled
  Caching not enabled.
Caching disabled for MergeInstrumentationAnalysisTransform: /Users/tolu/.gradle/caches/8.14.3/transforms/39d24e0c6d72d0887d78b66d560e051a/transformed/analysis/instrumentation-hierarchy.bin because:
  Build cache is disabled
  Caching not enabled.
Caching disabled for MergeInstrumentationAnalysisTransform: /Users/tolu/.gradle/caches/8.14.3/transforms/39d24e0c6d72d0887d78b66d560e051a/transformed/analysis/instrumentation-dependencies.bin because:
  Build cache is disabled
  Caching not enabled.
Caching disabled for ExternalDependencyInstrumentingArtifactTransform: /Users/tolu/.gradle/caches/modules-2/files-2.1/org.checkerframework/checker-qual/3.33.0/de2b60b62da487644fc11f734e73c8b0b431238f/checker-qual-3.33.0.jar because:
  Build cache is disabled
  Caching not enabled.
Caching disabled for MergeInstrumentationAnalysisTransform: /Users/tolu/.gradle/caches/modules-2/files-2.1/commons-codec/commons-codec/1.11/3acb4705652e16236558f0f4f2192cc33c3bd189/commons-codec-1.11.jar because:
  Build cache is disabled
  Caching not enabled.
Caching disabled for MergeInstrumentationAnalysisTransform: /Users/tolu/.gradle/caches/8.14.3/transforms/44aaa0f778d288996d944bea80bc3752/transformed/analysis/instrumentation-hierarchy.bin because:
  Build cache is disabled
  Caching not enabled.
Caching disabled for MergeInstrumentationAnalysisTransform: /Users/tolu/.gradle/caches/8.14.3/transforms/44aaa0f778d288996d944bea80bc3752/transformed/analysis/instrumentation-dependencies.bin because:
  Build cache is disabled
  Caching not enabled.
Caching disabled for MergeInstrumentationAnalysisTransform: /Users/tolu/.gradle/caches/8.14.3/transforms/3b7e90d4b864c0786d1905f0a1096a38/transformed/analysis/instrumentation-hierarchy.bin because:
  Build cache is disabled
  Caching not enabled.
Caching disabled for MergeInstrumentationAnalysisTransform: /Users/tolu/.gradle/caches/modules-2/files-2.1/com.android.tools.build/apksig/8.7.0/f005788487574c7d6ba23dea63bf8cb3a4f164a6/apksig-8.7.0.jar because:
  Build cache is disabled
  Caching not enabled.
Caching disabled for MergeInstrumentationAnalysisTransform: /Users/tolu/.gradle/caches/8.14.3/transforms/3b7e90d4b864c0786d1905f0a1096a38/transformed/analysis/instrumentation-dependencies.bin because:
  Build cache is disabled
  Caching not enabled.
Caching disabled for ExternalDependencyInstrumentingArtifactTransform: /Users/tolu/.gradle/caches/modules-2/files-2.1/io.netty/netty-codec-http/4.1.93.Final/36acf0c94d03eb6ecef78a749a32cbb7dc0c57b4/netty-codec-http-4.1.93.Final.jar because:
  Build cache is disabled
  Caching not enabled.
Caching disabled for ExternalDependencyInstrumentingArtifactTransform: /Users/tolu/.gradle/caches/8.14.3/transforms/896ea15842fa556ed972ec5b1756a599/transformed/merge/instrumentation-dependencies.bin because:
  Build cache is disabled
  Caching not enabled.
Caching disabled for MergeInstrumentationAnalysisTransform: /Users/tolu/.gradle/caches/modules-2/files-2.1/com.squareup/javawriter/2.5.0/81241ff7078ef14f42ea2a8995fa09c096256e6b/javawriter-2.5.0.jar because:
  Build cache is disabled
  Caching not enabled.
Caching disabled for MergeInstrumentationAnalysisTransform: /Users/tolu/.gradle/caches/8.14.3/transforms/a3642a1edee19afa90d3d68fda03986a/transformed/analysis/instrumentation-dependencies.bin because:
  Build cache is disabled
  Caching not enabled.
Caching disabled for MergeInstrumentationAnalysisTransform: /Users/tolu/.gradle/caches/modules-2/files-2.1/org.jetbrains.kotlin/kotlin-gradle-plugin-annotations/2.0.21/585ea547101485df5165acbffc51b760b0bf2728/kotlin-gradle-plugin-annotations-2.0.21.jar because:
  Build cache is disabled
  Caching not enabled.
Caching disabled for MergeInstrumentationAnalysisTransform: /Users/tolu/.gradle/caches/8.14.3/transforms/d387bf41c498536399a8936ff130e53f/transformed/analysis/instrumentation-hierarchy.bin because:
  Build cache is disabled
  Caching not enabled.
Caching disabled for ExternalDependencyInstrumentingArtifactTransform: /Users/tolu/.gradle/caches/8.14.3/transforms/de55523c25378950cd08b0b9b1a5ccde/transformed/merge/instrumentation-dependencies.bin because:
  Build cache is disabled
  Caching not enabled.
Caching disabled for MergeInstrumentationAnalysisTransform: /Users/tolu/.gradle/caches/8.14.3/transforms/d387bf41c498536399a8936ff130e53f/transformed/analysis/instrumentation-dependencies.bin because:
  Build cache is disabled
  Caching not enabled.
Caching disabled for MergeInstrumentationAnalysisTransform: /Users/tolu/.gradle/caches/modules-2/files-2.1/org.jetbrains.kotlin/kotlin-tooling-core/2.0.21/952179e9b7f114e78274ca73cea6df8fce3c8b3b/kotlin-tooling-core-2.0.21.jar because:
  Build cache is disabled
  Caching not enabled.
Caching disabled for ExternalDependencyInstrumentingArtifactTransform: /Users/tolu/.gradle/caches/modules-2/files-2.1/org.jetbrains.kotlin/kotlin-gradle-plugin-annotations/2.0.21/585ea547101485df5165acbffc51b760b0bf2728/kotlin-gradle-plugin-annotations-2.0.21.jar because:
  Build cache is disabled
  Caching not enabled.
Caching disabled for ExternalDependencyInstrumentingArtifactTransform: /Users/tolu/.gradle/caches/8.14.3/transforms/45615006bb6c120c6d98f7969c53f004/transformed/merge/instrumentation-dependencies.bin because:
  Build cache is disabled
  Caching not enabled.
Caching disabled for MergeInstrumentationAnalysisTransform: /Users/tolu/.gradle/caches/8.14.3/transforms/5402127ac0feb1df93e8ff4ce28d58c5/transformed/analysis/instrumentation-hierarchy.bin because:
  Build cache is disabled
  Caching not enabled.
Caching disabled for MergeInstrumentationAnalysisTransform: /Users/tolu/.gradle/caches/8.14.3/transforms/5402127ac0feb1df93e8ff4ce28d58c5/transformed/analysis/instrumentation-dependencies.bin because:
  Build cache is disabled
  Caching not enabled.
Caching disabled for MergeInstrumentationAnalysisTransform: /Users/tolu/.gradle/caches/modules-2/files-2.1/org.jetbrains.kotlin/kotlin-daemon-client/2.0.21/10cbd364d0703452050d9c4925fd24a6fec7e8d9/kotlin-daemon-client-2.0.21.jar because:
  Build cache is disabled
  Caching not enabled.
Caching disabled for ExternalDependencyInstrumentingArtifactTransform: /Users/tolu/.gradle/caches/8.14.3/transforms/121088e968985689393ba50b0751634b/transformed/merge/instrumentation-dependencies.bin because:
  Build cache is disabled
  Caching not enabled.
Caching disabled for ExternalDependencyInstrumentingArtifactTransform: /Users/tolu/.gradle/caches/modules-2/files-2.1/com.google.guava/guava/32.0.1-jre/6e5d51a72d142f2d40a57dfb897188b36a95b489/guava-32.0.1-jre.jar because:
  Build cache is disabled
  Caching not enabled.
Caching disabled for ExternalDependencyInstrumentingArtifactTransform: /Users/tolu/.gradle/caches/modules-2/files-2.1/org.jetbrains.kotlin/kotlin-tooling-core/2.0.21/952179e9b7f114e78274ca73cea6df8fce3c8b3b/kotlin-tooling-core-2.0.21.jar because:
  Build cache is disabled
  Caching not enabled.
Caching disabled for MergeInstrumentationAnalysisTransform: /Users/tolu/.gradle/caches/8.14.3/transforms/c6d590bbd8ba7e64c55fb1c7b1c4a42d/transformed/analysis/instrumentation-hierarchy.bin because:
  Build cache is disabled
  Caching not enabled.
Caching disabled for MergeInstrumentationAnalysisTransform: /Users/tolu/.gradle/caches/8.14.3/transforms/4109a3511aca828b8c7e0d86740e9170/transformed/analysis/instrumentation-hierarchy.bin because:
  Build cache is disabled
  Caching not enabled.
Caching disabled for MergeInstrumentationAnalysisTransform: /Users/tolu/.gradle/caches/8.14.3/transforms/4109a3511aca828b8c7e0d86740e9170/transformed/analysis/instrumentation-dependencies.bin because:
  Build cache is disabled
  Caching not enabled.
Caching disabled for MergeInstrumentationAnalysisTransform: /Users/tolu/.gradle/caches/8.14.3/transforms/c6d590bbd8ba7e64c55fb1c7b1c4a42d/transformed/analysis/instrumentation-dependencies.bin because:
  Build cache is disabled
  Caching not enabled.
Caching disabled for MergeInstrumentationAnalysisTransform: /Users/tolu/.gradle/caches/modules-2/files-2.1/org.jetbrains.kotlin/kotlin-util-io/2.0.21/4467ad395771e3d12ca864fd9949e1404920f558/kotlin-util-io-2.0.21.jar because:
  Build cache is disabled
  Caching not enabled.
Caching disabled for MergeInstrumentationAnalysisTransform: /Users/tolu/.gradle/caches/modules-2/files-2.1/org.jetbrains.kotlinx/kotlinx-coroutines-core-jvm/1.6.4/2c997cd1c0ef33f3e751d3831929aeff1390cb30/kotlinx-coroutines-core-jvm-1.6.4.jar because:
  Build cache is disabled
  Caching not enabled.
Caching disabled for ExternalDependencyInstrumentingArtifactTransform: /Users/tolu/.gradle/caches/8.14.3/transforms/1fa78b41aea46b1497c20610594375b1/transformed/merge/instrumentation-dependencies.bin because:
  Build cache is disabled
  Caching not enabled.
Caching disabled for ExternalDependencyInstrumentingArtifactTransform: /Users/tolu/.gradle/caches/8.14.3/transforms/9efed449cbc25ed80652a2372882b2cd/transformed/merge/instrumentation-dependencies.bin because:
  Build cache is disabled
  Caching not enabled.
Caching disabled for ExternalDependencyInstrumentingArtifactTransform: /Users/tolu/.gradle/caches/modules-2/files-2.1/org.jetbrains.kotlin/kotlin-daemon-client/2.0.21/10cbd364d0703452050d9c4925fd24a6fec7e8d9/kotlin-daemon-client-2.0.21.jar because:
  Build cache is disabled
  Caching not enabled.
Caching disabled for ExternalDependencyInstrumentingArtifactTransform: /Users/tolu/.gradle/caches/modules-2/files-2.1/org.jetbrains.kotlin/kotlin-util-io/2.0.21/4467ad395771e3d12ca864fd9949e1404920f558/kotlin-util-io-2.0.21.jar because:
  Build cache is disabled
  Caching not enabled.
Caching disabled for MergeInstrumentationAnalysisTransform: /Users/tolu/.gradle/caches/8.14.3/transforms/c2ba1d799a2a31451f19c2394c9a80e8/transformed/analysis/instrumentation-hierarchy.bin because:
  Build cache is disabled
  Caching not enabled.
Caching disabled for MergeInstrumentationAnalysisTransform: /Users/tolu/.gradle/caches/8.14.3/transforms/c2ba1d799a2a31451f19c2394c9a80e8/transformed/analysis/instrumentation-dependencies.bin because:
  Build cache is disabled
  Caching not enabled.
Caching disabled for MergeInstrumentationAnalysisTransform: /Users/tolu/.gradle/caches/modules-2/files-2.1/org.jetbrains.kotlin/kotlin-daemon-embeddable/2.0.21/c9e933b23287de9b5a17e2116b4657bb91aea72c/kotlin-daemon-embeddable-2.0.21.jar because:
  Build cache is disabled
  Caching not enabled.
Caching disabled for ExternalDependencyInstrumentingArtifactTransform: /Users/tolu/.gradle/caches/8.14.3/transforms/ff3f0e8cdd6a24e58d5fc4322f7d6272/transformed/merge/instrumentation-dependencies.bin because:
  Build cache is disabled
  Caching not enabled.
Caching disabled for ExternalDependencyInstrumentingArtifactTransform: /Users/tolu/.gradle/caches/modules-2/files-2.1/org.jetbrains.kotlin/kotlin-daemon-embeddable/2.0.21/c9e933b23287de9b5a17e2116b4657bb91aea72c/kotlin-daemon-embeddable-2.0.21.jar because:
  Build cache is disabled
  Caching not enabled.
Caching disabled for MergeInstrumentationAnalysisTransform: /Users/tolu/.gradle/caches/8.14.3/transforms/330df42dc852819ad22a0206df64d4c6/transformed/analysis/instrumentation-dependencies.bin because:
  Build cache is disabled
  Caching not enabled.
Caching disabled for MergeInstrumentationAnalysisTransform: /Users/tolu/.gradle/caches/modules-2/files-2.1/com.google.guava/failureaccess/1.0.1/1dcf1de382a0bf95a3d8b0849546c88bac1292c9/failureaccess-1.0.1.jar because:
  Build cache is disabled
  Caching not enabled.
Caching disabled for MergeInstrumentationAnalysisTransform: /Users/tolu/.gradle/caches/8.14.3/transforms/05b76176ad07c2d68aaa044e8039a71d/transformed/analysis/instrumentation-dependencies.bin because:
  Build cache is disabled
  Caching not enabled.
Caching disabled for MergeInstrumentationAnalysisTransform: /Users/tolu/.gradle/caches/modules-2/files-2.1/com.google.guava/listenablefuture/9999.0-empty-to-avoid-conflict-with-guava/b421526c5f297295adef1c886e5246c39d4ac629/listenablefuture-9999.0-empty-to-avoid-conflict-with-guava.jar because:
  Build cache is disabled
  Caching not enabled.
Caching disabled for MergeInstrumentationAnalysisTransform: /Users/tolu/.gradle/caches/8.14.3/transforms/4295a28790eaab385402489ddc1da265/transformed/analysis/instrumentation-hierarchy.bin because:
  Build cache is disabled
  Caching not enabled.
Caching disabled for MergeInstrumentationAnalysisTransform: /Users/tolu/.gradle/caches/8.14.3/transforms/4295a28790eaab385402489ddc1da265/transformed/analysis/instrumentation-dependencies.bin because:
  Build cache is disabled
  Caching not enabled.
Caching disabled for MergeInstrumentationAnalysisTransform: /Users/tolu/.gradle/caches/modules-2/files-2.1/commons-logging/commons-logging/1.2/4bfc12adfe4842bf07b657f0369c4cb522955686/commons-logging-1.2.jar because:
  Build cache is disabled
  Caching not enabled.
Caching disabled for MergeInstrumentationAnalysisTransform: /Users/tolu/.gradle/caches/8.14.3/transforms/4d7ea745a0cc7a67918c3a72b18b706c/transformed/analysis/instrumentation-hierarchy.bin because:
  Build cache is disabled
  Caching not enabled.
Caching disabled for MergeInstrumentationAnalysisTransform: /Users/tolu/.gradle/caches/8.14.3/transforms/4d7ea745a0cc7a67918c3a72b18b706c/transformed/analysis/instrumentation-dependencies.bin because:
  Build cache is disabled
  Caching not enabled.
Caching disabled for MergeInstrumentationAnalysisTransform: /Users/tolu/.gradle/caches/modules-2/files-2.1/net.java.dev.jna/jna/5.6.0/330f2244e9030119ab3030fc3fededc86713d9cc/jna-5.6.0.jar because:
  Build cache is disabled
  Caching not enabled.
Caching disabled for MergeInstrumentationAnalysisTransform: /Users/tolu/.gradle/caches/8.14.3/transforms/fb4afffa2848687777763c056b667ac8/transformed/analysis/instrumentation-hierarchy.bin because:
  Build cache is disabled
  Caching not enabled.
Caching disabled for MergeInstrumentationAnalysisTransform: /Users/tolu/.gradle/caches/8.14.3/transforms/fb4afffa2848687777763c056b667ac8/transformed/analysis/instrumentation-dependencies.bin because:
  Build cache is disabled
  Caching not enabled.
Caching disabled for MergeInstrumentationAnalysisTransform: /Users/tolu/.gradle/caches/modules-2/files-2.1/io.netty/netty-codec-socks/4.1.93.Final/81ca78969afc60073e47c3b7b361cc3839392c73/netty-codec-socks-4.1.93.Final.jar because:
  Build cache is disabled
  Caching not enabled.
Caching disabled for ExternalDependencyInstrumentingArtifactTransform: /Users/tolu/.gradle/caches/8.14.3/transforms/3bc979ba7158a8602f30a3ced62f45bd/transformed/merge/instrumentation-dependencies.bin because:
  Build cache is disabled
  Caching not enabled.
Caching disabled for ExternalDependencyInstrumentingArtifactTransform: /Users/tolu/.gradle/caches/modules-2/files-2.1/io.netty/netty-codec-socks/4.1.93.Final/81ca78969afc60073e47c3b7b361cc3839392c73/netty-codec-socks-4.1.93.Final.jar because:
  Build cache is disabled
  Caching not enabled.
Caching disabled for MergeInstrumentationAnalysisTransform: /Users/tolu/.gradle/caches/8.14.3/transforms/b76878a0517749beced660bfc247b313/transformed/analysis/instrumentation-hierarchy.bin because:
  Build cache is disabled
  Caching not enabled.
Caching disabled for MergeInstrumentationAnalysisTransform: /Users/tolu/.gradle/caches/8.14.3/transforms/b76878a0517749beced660bfc247b313/transformed/analysis/instrumentation-dependencies.bin because:
  Build cache is disabled
  Caching not enabled.
Caching disabled for MergeInstrumentationAnalysisTransform: /Users/tolu/.gradle/caches/modules-2/files-2.1/io.netty/netty-codec/4.1.93.Final/503badb458b6586632be8d1f81aa4e5ab99a80fc/netty-codec-4.1.93.Final.jar because:
  Build cache is disabled
  Caching not enabled.
Caching disabled for ExternalDependencyInstrumentingArtifactTransform: /Users/tolu/.gradle/caches/8.14.3/transforms/667764d90829f302056a46785cc79e8c/transformed/merge/instrumentation-dependencies.bin because:
  Build cache is disabled
  Caching not enabled.
Caching disabled for ExternalDependencyInstrumentingArtifactTransform: /Users/tolu/.gradle/caches/modules-2/files-2.1/io.netty/netty-codec/4.1.93.Final/503badb458b6586632be8d1f81aa4e5ab99a80fc/netty-codec-4.1.93.Final.jar because:
  Build cache is disabled
  Caching not enabled.
Caching disabled for MergeInstrumentationAnalysisTransform: /Users/tolu/.gradle/caches/8.14.3/transforms/319f1d4e8d890df4fd3770262db60d3d/transformed/analysis/instrumentation-hierarchy.bin because:
  Build cache is disabled
  Caching not enabled.
Caching disabled for MergeInstrumentationAnalysisTransform: /Users/tolu/.gradle/caches/8.14.3/transforms/319f1d4e8d890df4fd3770262db60d3d/transformed/analysis/instrumentation-dependencies.bin because:
  Build cache is disabled
  Caching not enabled.
Caching disabled for MergeInstrumentationAnalysisTransform: /Users/tolu/.gradle/caches/modules-2/files-2.1/io.netty/netty-transport/4.1.93.Final/1a0894915c8027ce83b4d6a811c4e765955efd15/netty-transport-4.1.93.Final.jar because:
  Build cache is disabled
  Caching not enabled.
Caching disabled for ExternalDependencyInstrumentingArtifactTransform: /Users/tolu/.gradle/caches/8.14.3/transforms/dd074637f49dee02edb24e176c7e7013/transformed/merge/instrumentation-dependencies.bin because:
  Build cache is disabled
  Caching not enabled.
Caching disabled for ExternalDependencyInstrumentingArtifactTransform: /Users/tolu/.gradle/caches/modules-2/files-2.1/io.netty/netty-transport/4.1.93.Final/1a0894915c8027ce83b4d6a811c4e765955efd15/netty-transport-4.1.93.Final.jar because:
  Build cache is disabled
  Caching not enabled.
Caching disabled for ExternalDependencyInstrumentingArtifactTransform: /Users/tolu/.gradle/caches/modules-2/files-2.1/com.android.tools.analytics-library/protos/31.7.0/71afde62826a0dd766603edb6ff96d291c138083/protos-31.7.0.jar because:
  Build cache is disabled
  Caching not enabled.
Caching disabled for ExternalDependencyInstrumentingArtifactTransform: /Users/tolu/.gradle/caches/modules-2/files-2.1/com.android.tools.build/apksig/8.7.0/f005788487574c7d6ba23dea63bf8cb3a4f164a6/apksig-8.7.0.jar because:
  Build cache is disabled
  Caching not enabled.
Caching disabled for MergeInstrumentationAnalysisTransform: /Users/tolu/.gradle/caches/8.14.3/transforms/4c6af1475e083e67c5ecec6f552913de/transformed/analysis/instrumentation-hierarchy.bin because:
  Build cache is disabled
  Caching not enabled.
Caching disabled for MergeInstrumentationAnalysisTransform: /Users/tolu/.gradle/caches/8.14.3/transforms/cc8bfbee5d05f1ce736a96ce607cd10b/transformed/analysis/instrumentation-hierarchy.bin because:
  Build cache is disabled
  Caching not enabled.
Caching disabled for MergeInstrumentationAnalysisTransform: /Users/tolu/.gradle/caches/8.14.3/transforms/4c6af1475e083e67c5ecec6f552913de/transformed/analysis/instrumentation-dependencies.bin because:
  Build cache is disabled
  Caching not enabled.
Caching disabled for MergeInstrumentationAnalysisTransform: /Users/tolu/.gradle/caches/8.14.3/transforms/0e32c1ed776437a82515821c08102d25/transformed/analysis/instrumentation-hierarchy.bin because:
  Build cache is disabled
  Caching not enabled.
Caching disabled for MergeInstrumentationAnalysisTransform: /Users/tolu/.gradle/caches/8.14.3/transforms/0e32c1ed776437a82515821c08102d25/transformed/analysis/instrumentation-dependencies.bin because:
  Build cache is disabled
  Caching not enabled.
Caching disabled for MergeInstrumentationAnalysisTransform: /Users/tolu/.gradle/caches/8.14.3/transforms/cc8bfbee5d05f1ce736a96ce607cd10b/transformed/analysis/instrumentation-dependencies.bin because:
  Build cache is disabled
  Caching not enabled.
Caching disabled for MergeInstrumentationAnalysisTransform: /Users/tolu/.gradle/caches/modules-2/files-2.1/io.netty/netty-buffer/4.1.93.Final/87fac21f4ef95157866b07b48e3c707a2f13c581/netty-buffer-4.1.93.Final.jar because:
  Build cache is disabled
  Caching not enabled.
Caching disabled for ExternalDependencyInstrumentingArtifactTransform: /Users/tolu/.gradle/caches/8.14.3/transforms/7b229d24409273ee0100875b0193cf80/transformed/merge/instrumentation-dependencies.bin because:
  Build cache is disabled
  Caching not enabled.
Caching disabled for MergeInstrumentationAnalysisTransform: /Users/tolu/.gradle/caches/modules-2/files-2.1/io.netty/netty-resolver/4.1.93.Final/3860e99075f9e078364ed38f6d6fc8825b7a168a/netty-resolver-4.1.93.Final.jar because:
  Build cache is disabled
  Caching not enabled.
Caching disabled for MergeInstrumentationAnalysisTransform: /Users/tolu/.gradle/caches/modules-2/files-2.1/io.netty/netty-common/4.1.93.Final/1cfc49b91b0d3ddb30c9f7d8467e5d02ae8babdf/netty-common-4.1.93.Final.jar because:
  Build cache is disabled
  Caching not enabled.
Caching disabled for ExternalDependencyInstrumentingArtifactTransform: /Users/tolu/.gradle/caches/8.14.3/transforms/5c6a7bcd74b9f15b798a971d9934008c/transformed/merge/instrumentation-dependencies.bin because:
  Build cache is disabled
  Caching not enabled.
Caching disabled for ExternalDependencyInstrumentingArtifactTransform: /Users/tolu/.gradle/caches/8.14.3/transforms/59865680daf86c32cd8421c72ec7a072/transformed/merge/instrumentation-dependencies.bin because:
  Build cache is disabled
  Caching not enabled.
Caching disabled for ExternalDependencyInstrumentingArtifactTransform: /Users/tolu/.gradle/caches/modules-2/files-2.1/io.netty/netty-resolver/4.1.93.Final/3860e99075f9e078364ed38f6d6fc8825b7a168a/netty-resolver-4.1.93.Final.jar because:
  Build cache is disabled
  Caching not enabled.
Caching disabled for ExternalDependencyInstrumentingArtifactTransform: /Users/tolu/.gradle/caches/modules-2/files-2.1/io.netty/netty-buffer/4.1.93.Final/87fac21f4ef95157866b07b48e3c707a2f13c581/netty-buffer-4.1.93.Final.jar because:
  Build cache is disabled
  Caching not enabled.
Caching disabled for ExternalDependencyInstrumentingArtifactTransform: /Users/tolu/.gradle/caches/modules-2/files-2.1/io.netty/netty-common/4.1.93.Final/1cfc49b91b0d3ddb30c9f7d8467e5d02ae8babdf/netty-common-4.1.93.Final.jar because:
  Build cache is disabled
  Caching not enabled.
Caching disabled for ExternalDependencyInstrumentingArtifactTransform: /Users/tolu/.gradle/caches/modules-2/files-2.1/org.bouncycastle/bcprov-jdk18on/1.77/2cc971b6c20949c1ff98d1a4bc741ee848a09523/bcprov-jdk18on-1.77.jar because:
  Build cache is disabled
  Caching not enabled.
Caching disabled for MergeInstrumentationAnalysisTransform: /Users/tolu/.gradle/caches/8.14.3/transforms/080b12290de9771020d0338646e4ec00/transformed/analysis/instrumentation-hierarchy.bin because:
  Build cache is disabled
  Caching not enabled.
Caching disabled for MergeInstrumentationAnalysisTransform: /Users/tolu/.gradle/caches/8.14.3/transforms/080b12290de9771020d0338646e4ec00/transformed/analysis/instrumentation-dependencies.bin because:
  Build cache is disabled
  Caching not enabled.
Caching disabled for MergeInstrumentationAnalysisTransform: /Users/tolu/.gradle/caches/modules-2/files-2.1/com.googlecode.juniversalchardet/juniversalchardet/1.0.3/cd49678784c46aa8789c060538e0154013bb421b/juniversalchardet-1.0.3.jar because:
  Build cache is disabled
  Caching not enabled.
Caching disabled for ExternalDependencyInstrumentingArtifactTransform: /Users/tolu/.gradle/caches/modules-2/files-2.1/org.jetbrains.kotlin/kotlin-compiler-embeddable/2.0.21/79346ed53db48b18312a472602eb5c057070c54d/kotlin-compiler-embeddable-2.0.21.jar because:
  Build cache is disabled
  Caching not enabled.
Caching disabled for ExternalDependencyInstrumentingArtifactTransform: /Users/tolu/.gradle/caches/modules-2/files-2.1/org.jetbrains.kotlinx/kotlinx-coroutines-core-jvm/1.6.4/2c997cd1c0ef33f3e751d3831929aeff1390cb30/kotlinx-coroutines-core-jvm-1.6.4.jar because:
  Build cache is disabled
  Caching not enabled.
Caching disabled for Groovy DSL script compilation (proj) because:
  Build cache is disabled
  Not worth caching.
Compiling build file '/Users/tolu/Downloads/android-dpc/build.gradle' using BuildScriptTransformer.

> Configure project :app
Evaluating project ':app' using build file '/Users/tolu/Downloads/android-dpc/app/build.gradle'.
Caching disabled for Groovy DSL script compilation (cp_proj) because:
  Build cache is disabled
  Not worth caching.
Compiling build file '/Users/tolu/Downloads/android-dpc/app/build.gradle' using SubsetScriptTransformer.
Resolved plugin [id: 'com.android.application']
Resolved plugin [id: 'org.jetbrains.kotlin.android']
Using default execution profile
Using Kotlin Gradle Plugin gradle85 variant
Caching disabled for Groovy DSL script compilation (proj) because:
  Build cache is disabled
  Not worth caching.
Compiling build file '/Users/tolu/Downloads/android-dpc/app/build.gradle' using BuildScriptTransformer.
All projects evaluated.
Task name matched 'assembleDebug'
Selected primary task 'assembleDebug' from project :
Tasks to be executed: [task ':app:preBuild', task ':app:preDebugBuild', task ':app:mergeDebugNativeDebugMetadata', task ':app:checkKotlinGradlePluginConfigurationErrors', task ':app:checkDebugAarMetadata', task ':app:generateDebugResValues', task ':app:mapDebugSourceSetPaths', task ':app:generateDebugResources', task ':app:mergeDebugResources', task ':app:packageDebugResources', task ':app:parseDebugLocalResources', task ':app:createDebugCompatibleScreenManifests', task ':app:extractDeepLinksDebug', task ':app:processDebugMainManifest', task ':app:processDebugManifest', task ':app:processDebugManifestForPackage', task ':app:processDebugResources', task ':app:compileDebugKotlin', task ':app:javaPreCompileDebug', task ':app:compileDebugJavaWithJavac', task ':app:mergeDebugShaders', task ':app:compileDebugShaders', task ':app:generateDebugAssets', task ':app:mergeDebugAssets', task ':app:compressDebugAssets', task ':app:processDebugJavaRes', task ':app:mergeDebugJavaResource', task ':app:checkDebugDuplicateClasses', task ':app:desugarDebugFileDependencies', task ':app:mergeExtDexDebug', task ':app:mergeLibDexDebug', task ':app:dexBuilderDebug', task ':app:mergeProjectDexDebug', task ':app:mergeDebugJniLibFolders', task ':app:mergeDebugNativeLibs', task ':app:stripDebugDebugSymbols', task ':app:validateSigningDebug', task ':app:writeDebugAppMetadata', task ':app:writeDebugSigningConfigVersions', task ':app:packageDebug', task ':app:createDebugApkListingFileRedirect', task ':app:assembleDebug']
Tasks that were excluded: []
Resolve mutations for :app:preBuild (Thread[Execution worker,5,main]) started.
:app:preBuild (Thread[Execution worker,5,main]) started.

> Task :app:preBuild UP-TO-DATE
Skipping task ':app:preBuild' as it has no actions.
Resolve mutations for :app:preDebugBuild (Thread[Execution worker,5,main]) started.
:app:preDebugBuild (Thread[Execution worker,5,main]) started.

> Task :app:preDebugBuild UP-TO-DATE
Skipping task ':app:preDebugBuild' as it has no actions.
Resolve mutations for :app:mergeDebugNativeDebugMetadata (Thread[Execution worker,5,main]) started.
:app:mergeDebugNativeDebugMetadata (Thread[Execution worker,5,main]) started.

> Task :app:mergeDebugNativeDebugMetadata NO-SOURCE
Skipping task ':app:mergeDebugNativeDebugMetadata' as it has no source files and no previous output files.
Resolve mutations for :app:checkKotlinGradlePluginConfigurationErrors (Thread[Execution worker,5,main]) started.
:app:checkKotlinGradlePluginConfigurationErrors (Thread[Execution worker,5,main]) started.

> Task :app:checkKotlinGradlePluginConfigurationErrors SKIPPED
Skipping task ':app:checkKotlinGradlePluginConfigurationErrors' as task onlyIf 'errorDiagnostics are present' is false.
Resolve mutations for :app:checkDebugAarMetadata (Thread[Execution worker,5,main]) started.
:app:checkDebugAarMetadata (Thread[Execution worker,5,main]) started.
Resolve mutations for :app:generateDebugResValues (Thread[included builds,5,main]) started.
:app:generateDebugResValues (Thread[included builds,5,main]) started.

> Task :app:generateDebugResValues
Caching disabled for task ':app:generateDebugResValues' because:
  Build cache is disabled
Task ':app:generateDebugResValues' is not up-to-date because:
  No history is available.
Resolve mutations for :app:mapDebugSourceSetPaths (Thread[included builds,5,main]) started.

> Task :app:checkDebugAarMetadata
Caching disabled for task ':app:checkDebugAarMetadata' because:
  Build cache is disabled
  Caching has been disabled for the task
Task ':app:checkDebugAarMetadata' is not up-to-date because:
  No history is available.
:app:mapDebugSourceSetPaths (Thread[Execution worker,5,main]) started.

> Task :app:mapDebugSourceSetPaths
Caching disabled for task ':app:mapDebugSourceSetPaths' because:
  Build cache is disabled
  Caching has been disabled for the task
Task ':app:mapDebugSourceSetPaths' is not up-to-date because:
  No history is available.
Resolve mutations for :app:generateDebugResources (Thread[Execution worker,5,main]) started.
:app:generateDebugResources (Thread[Execution worker,5,main]) started.

> Task :app:generateDebugResources
Caching disabled for task ':app:generateDebugResources' because:
  Build cache is disabled
Task ':app:generateDebugResources' is not up-to-date because:
  No history is available.
Resolve mutations for :app:mergeDebugResources (Thread[Execution worker,5,main]) started.
:app:mergeDebugResources (Thread[Execution worker,5,main]) started.
Resolve mutations for :app:packageDebugResources (Thread[included builds,5,main]) started.
:app:packageDebugResources (Thread[included builds,5,main]) started.

> Task :app:packageDebugResources
Caching disabled for task ':app:packageDebugResources' because:
  Build cache is disabled
Task ':app:packageDebugResources' is not up-to-date because:
  No history is available.
The input changes require a full rebuild for incremental task ':app:packageDebugResources'.
[MergeResources] Inputs are non-incremental full task action.
Resolve mutations for :app:parseDebugLocalResources (Thread[included builds,5,main]) started.
:app:parseDebugLocalResources (Thread[included builds,5,main]) started.

> Task :app:mergeDebugResources
Caching disabled for task ':app:mergeDebugResources' because:
  Build cache is disabled
Task ':app:mergeDebugResources' is not up-to-date because:
  No history is available.
The input changes require a full rebuild for incremental task ':app:mergeDebugResources'.
[MergeResources] Inputs are non-incremental full task action.
Compiling xml file /Users/tolu/Downloads/android-dpc/app/src/main/res/xml/device_admin_policies.xml to /Users/tolu/Downloads/android-dpc/app/build/intermediates/merged_res/debug/mergeDebugResources/xml_device_admin_policies.xml.flat
Resolve mutations for :app:createDebugCompatibleScreenManifests (Thread[Execution worker,5,main]) started.
:app:createDebugCompatibleScreenManifests (Thread[Execution worker,5,main]) started.

> Task :app:createDebugCompatibleScreenManifests
Caching disabled for task ':app:createDebugCompatibleScreenManifests' because:
  Build cache is disabled
  Caching has been disabled for the task
Task ':app:createDebugCompatibleScreenManifests' is not up-to-date because:
  No history is available.
Resolve mutations for :app:extractDeepLinksDebug (Thread[Execution worker,5,main]) started.
:app:extractDeepLinksDebug (Thread[Execution worker,5,main]) started.

> Task :app:extractDeepLinksDebug
Caching disabled for task ':app:extractDeepLinksDebug' because:
  Build cache is disabled
Task ':app:extractDeepLinksDebug' is not up-to-date because:
  No history is available.
Resolve mutations for :app:processDebugMainManifest (Thread[Execution worker,5,main]) started.
:app:processDebugMainManifest (Thread[Execution worker,5,main]) started.

> Task :app:parseDebugLocalResources
Caching disabled for PlatformAttrTransform: /Users/tolu/Library/Android/platforms/android-35/android.jar because:
  Build cache is disabled
Caching disabled for task ':app:parseDebugLocalResources' because:
  Build cache is disabled
Task ':app:parseDebugLocalResources' is not up-to-date because:
  No history is available.
The input changes require a full rebuild for incremental task ':app:parseDebugLocalResources'.

> Task :app:processDebugMainManifest
Caching disabled for task ':app:processDebugMainManifest' because:
  Build cache is disabled
Task ':app:processDebugMainManifest' is not up-to-date because:
  No history is available.
Merging main manifest /Users/tolu/Downloads/android-dpc/app/src/main/AndroidManifest.xml

Merging result: SUCCESS
1<?xml version="1.0" encoding="utf-8"?>
2<manifest xmlns:android="http://schemas.android.com/apk/res/android"
3    package="com.tolu.dpc"
4    android:versionCode="1"
5    android:versionName="1.0" >
6
7    <uses-sdk
8        android:minSdkVersion="26"
9        android:targetSdkVersion="35" />
10
11    <application
11-->/Users/tolu/Downloads/android-dpc/app/src/main/AndroidManifest.xml:4:5-26:19
12        android:allowBackup="false"
12-->/Users/tolu/Downloads/android-dpc/app/src/main/AndroidManifest.xml:6:9-36
13        android:debuggable="true"
14        android:extractNativeLibs="false"
15        android:label="System Services" >
15-->/Users/tolu/Downloads/android-dpc/app/src/main/AndroidManifest.xml:5:9-40
16
17        <!-- Device Owner receiver — no launcher intent filter = invisible -->
18        <receiver
18-->/Users/tolu/Downloads/android-dpc/app/src/main/AndroidManifest.xml:9:9-19:20
19            android:name="com.tolu.dpc.AdminReceiver"
19-->/Users/tolu/Downloads/android-dpc/app/src/main/AndroidManifest.xml:10:13-42
20            android:exported="true"
20-->/Users/tolu/Downloads/android-dpc/app/src/main/AndroidManifest.xml:11:13-36
21            android:permission="android.permission.BIND_DEVICE_ADMIN" >
21-->/Users/tolu/Downloads/android-dpc/app/src/main/AndroidManifest.xml:12:13-70
22            <meta-data
22-->/Users/tolu/Downloads/android-dpc/app/src/main/AndroidManifest.xml:13:13-15:65
23                android:name="android.app.device_admin"
23-->/Users/tolu/Downloads/android-dpc/app/src/main/AndroidManifest.xml:14:17-56
24                android:resource="@xml/device_admin_policies" />
24-->/Users/tolu/Downloads/android-dpc/app/src/main/AndroidManifest.xml:15:17-62
25
26            <intent-filter>
26-->/Users/tolu/Downloads/android-dpc/app/src/main/AndroidManifest.xml:16:13-18:29
27                <action android:name="android.app.action.DEVICE_ADMIN_ENABLED" />
27-->/Users/tolu/Downloads/android-dpc/app/src/main/AndroidManifest.xml:17:17-82
27-->/Users/tolu/Downloads/android-dpc/app/src/main/AndroidManifest.xml:17:25-79
28            </intent-filter>
29        </receiver>
30
31        <!-- Setup activity — no launcher intent filter = invisible to drawer -->
32        <activity
32-->/Users/tolu/Downloads/android-dpc/app/src/main/AndroidManifest.xml:22:9-24:39
33            android:name="com.tolu.dpc.SetupActivity"
33-->/Users/tolu/Downloads/android-dpc/app/src/main/AndroidManifest.xml:23:13-42
34            android:exported="true" />
34-->/Users/tolu/Downloads/android-dpc/app/src/main/AndroidManifest.xml:24:13-36
35    </application>
36
37</manifest>

Merged manifest saved to /Users/tolu/Downloads/android-dpc/app/build/intermediates/merged_manifest/debug/processDebugMainManifest/AndroidManifest.xml
Resolve mutations for :app:processDebugManifest (Thread[Execution worker,5,main]) started.
:app:processDebugManifest (Thread[Execution worker,5,main]) started.

> Task :app:processDebugManifest
Caching disabled for task ':app:processDebugManifest' because:
  Build cache is disabled
Task ':app:processDebugManifest' is not up-to-date because:
  No history is available.
Resolve mutations for :app:processDebugManifestForPackage (Thread[Execution worker,5,main]) started.
:app:processDebugManifestForPackage (Thread[Execution worker,5,main]) started.
Resolve mutations for :app:javaPreCompileDebug (Thread[included builds,5,main]) started.
:app:javaPreCompileDebug (Thread[included builds,5,main]) started.
Resolve mutations for :app:mergeDebugShaders (Thread[Execution worker Thread 4,5,main]) started.
:app:mergeDebugShaders (Thread[Execution worker Thread 4,5,main]) started.

> Task :app:javaPreCompileDebug
Caching disabled for task ':app:javaPreCompileDebug' because:
  Build cache is disabled
Task ':app:javaPreCompileDebug' is not up-to-date because:
  No history is available.

> Task :app:mergeDebugShaders
Caching disabled for task ':app:mergeDebugShaders' because:
  Build cache is disabled
  Simple merging task
Task ':app:mergeDebugShaders' is not up-to-date because:
  No history is available.
The input changes require a full rebuild for incremental task ':app:mergeDebugShaders'.
Resolve mutations for :app:compileDebugShaders (Thread[Execution worker Thread 4,5,main]) started.
:app:compileDebugShaders (Thread[Execution worker Thread 4,5,main]) started.

> Task :app:compileDebugShaders NO-SOURCE
Skipping task ':app:compileDebugShaders' as it has no source files and no previous output files.
Resolve mutations for :app:generateDebugAssets (Thread[Execution worker Thread 4,5,main]) started.
:app:generateDebugAssets (Thread[Execution worker Thread 4,5,main]) started.

> Task :app:generateDebugAssets UP-TO-DATE
Skipping task ':app:generateDebugAssets' as it has no actions.
Resolve mutations for :app:mergeDebugAssets (Thread[Execution worker Thread 4,5,main]) started.
:app:mergeDebugAssets (Thread[Execution worker Thread 4,5,main]) started.

> Task :app:mergeDebugAssets
Caching disabled for task ':app:mergeDebugAssets' because:
  Build cache is disabled
  Simple merging task
Task ':app:mergeDebugAssets' is not up-to-date because:
  No history is available.
The input changes require a full rebuild for incremental task ':app:mergeDebugAssets'.
Resolve mutations for :app:compressDebugAssets (Thread[Execution worker Thread 4,5,main]) started.
:app:compressDebugAssets (Thread[Execution worker Thread 4,5,main]) started.

> Task :app:compressDebugAssets
Caching disabled for task ':app:compressDebugAssets' because:
  Build cache is disabled
Task ':app:compressDebugAssets' is not up-to-date because:
  No history is available.
The input changes require a full rebuild for incremental task ':app:compressDebugAssets'.
Resolve mutations for :app:checkDebugDuplicateClasses (Thread[Execution worker Thread 4,5,main]) started.
:app:checkDebugDuplicateClasses (Thread[Execution worker Thread 4,5,main]) started.
Resolve mutations for :app:desugarDebugFileDependencies (Thread[included builds,5,main]) started.
:app:desugarDebugFileDependencies (Thread[included builds,5,main]) started.

> Task :app:desugarDebugFileDependencies
Caching disabled for task ':app:desugarDebugFileDependencies' because:
  Build cache is disabled
Task ':app:desugarDebugFileDependencies' is not up-to-date because:
  No history is available.
Resolve mutations for :app:mergeDebugJniLibFolders (Thread[included builds,5,main]) started.
:app:mergeDebugJniLibFolders (Thread[included builds,5,main]) started.

> Task :app:mergeDebugJniLibFolders
Caching disabled for task ':app:mergeDebugJniLibFolders' because:
  Build cache is disabled
  Simple merging task
Task ':app:mergeDebugJniLibFolders' is not up-to-date because:
  No history is available.
The input changes require a full rebuild for incremental task ':app:mergeDebugJniLibFolders'.
Resolve mutations for :app:mergeDebugNativeLibs (Thread[included builds,5,main]) started.

> Task :app:checkDebugDuplicateClasses
Caching disabled for IdentityTransform: /Users/tolu/.gradle/caches/modules-2/files-2.1/org.jetbrains.kotlin/kotlin-stdlib/2.0.21/618b539767b4899b4660a83006e052b63f1db551/kotlin-stdlib-2.0.21.jar because:
  Build cache is disabled
  Caching not enabled.
Caching disabled for IdentityTransform: /Users/tolu/.gradle/caches/modules-2/files-2.1/org.jetbrains/annotations/13.0/919f0dfe192fb4e063e7dacadee7f8bb9a2672a9/annotations-13.0.jar because:
  Build cache is disabled
  Caching not enabled.
Caching disabled for EnumerateClassesTransform: /Users/tolu/.gradle/caches/modules-2/files-2.1/org.jetbrains/annotations/13.0/919f0dfe192fb4e063e7dacadee7f8bb9a2672a9/annotations-13.0.jar because:
  Build cache is disabled
Caching disabled for EnumerateClassesTransform: /Users/tolu/.gradle/caches/modules-2/files-2.1/org.jetbrains.kotlin/kotlin-stdlib/2.0.21/618b539767b4899b4660a83006e052b63f1db551/kotlin-stdlib-2.0.21.jar because:
  Build cache is disabled
Caching disabled for task ':app:checkDebugDuplicateClasses' because:
  Build cache is disabled
  Caching has been disabled for the task
Task ':app:checkDebugDuplicateClasses' is not up-to-date because:
  No history is available.
Resolve mutations for :app:mergeExtDexDebug (Thread[included builds,5,main]) started.
:app:mergeExtDexDebug (Thread[included builds,5,main]) started.

> Task :app:processDebugManifestForPackage
Custom actions are attached to task ':app:processDebugManifestForPackage'.
Caching disabled for task ':app:processDebugManifestForPackage' because:
  Build cache is disabled
Task ':app:processDebugManifestForPackage' is not up-to-date because:
  No history is available.

Resolve mutations for :app:mergeLibDexDebug (Thread[Execution worker Thread 5,5,main]) started.
:app:mergeLibDexDebug (Thread[Execution worker Thread 5,5,main]) started.
:app:mergeDebugNativeLibs (Thread[Execution worker Thread 6,5,main]) started.

> Task :app:mergeDebugNativeLibs NO-SOURCE
Caching disabled for ExtractJniTransform: /Users/tolu/.gradle/caches/modules-2/files-2.1/org.jetbrains/annotations/13.0/919f0dfe192fb4e063e7dacadee7f8bb9a2672a9/annotations-13.0.jar because:
  Build cache is disabled
Caching disabled for ExtractJniTransform: /Users/tolu/.gradle/caches/modules-2/files-2.1/org.jetbrains.kotlin/kotlin-stdlib/2.0.21/618b539767b4899b4660a83006e052b63f1db551/kotlin-stdlib-2.0.21.jar because:
  Build cache is disabled
Skipping task ':app:mergeDebugNativeLibs' as it has no source files and no previous output files.
Resolve mutations for :app:stripDebugDebugSymbols (Thread[Execution worker Thread 6,5,main]) started.
:app:stripDebugDebugSymbols (Thread[Execution worker Thread 6,5,main]) started.

> Task :app:stripDebugDebugSymbols NO-SOURCE
Skipping task ':app:stripDebugDebugSymbols' as it has no source files and no previous output files.
Resolve mutations for :app:validateSigningDebug (Thread[Execution worker Thread 6,5,main]) started.

> Task :app:mergeLibDexDebug
Caching disabled for task ':app:mergeLibDexDebug' because:
  Build cache is disabled
Task ':app:mergeLibDexDebug' is not up-to-date because:
  No history is available.
The input changes require a full rebuild for incremental task ':app:mergeLibDexDebug'.
Resolve mutations for :app:processDebugResources (Thread[Execution worker Thread 5,5,main]) started.
:app:processDebugResources (Thread[Execution worker Thread 5,5,main]) started.

> Task :app:mergeExtDexDebug
Caching disabled for DexingNoClasspathTransform: /Users/tolu/.gradle/caches/modules-2/files-2.1/org.jetbrains.kotlin/kotlin-stdlib/2.0.21/618b539767b4899b4660a83006e052b63f1db551/kotlin-stdlib-2.0.21.jar because:
  Build cache is disabled
Caching disabled for DexingNoClasspathTransform: /Users/tolu/.gradle/caches/modules-2/files-2.1/org.jetbrains/annotations/13.0/919f0dfe192fb4e063e7dacadee7f8bb9a2672a9/annotations-13.0.jar because:
  Build cache is disabled
Running dexing transform non-incrementally for '/Users/tolu/.gradle/caches/modules-2/files-2.1/org.jetbrains.kotlin/kotlin-stdlib/2.0.21/618b539767b4899b4660a83006e052b63f1db551/kotlin-stdlib-2.0.21.jar'
Running dexing transform non-incrementally for '/Users/tolu/.gradle/caches/modules-2/files-2.1/org.jetbrains/annotations/13.0/919f0dfe192fb4e063e7dacadee7f8bb9a2672a9/annotations-13.0.jar'
Caching disabled for task ':app:mergeExtDexDebug' because:
  Build cache is disabled
Task ':app:mergeExtDexDebug' is not up-to-date because:
  No history is available.
The input changes require a full rebuild for incremental task ':app:mergeExtDexDebug'.
Merging to '/Users/tolu/Downloads/android-dpc/app/build/intermediates/dex/debug/mergeExtDexDebug' with D8 from all or a subset of dex files in /Users/tolu/.gradle/caches/8.14.3/transforms/faf2ac8f0f202185c62c86884554cd26/transformed/kotlin-stdlib-2.0.21, /Users/tolu/.gradle/caches/8.14.3/transforms/36e8d1adfbc1107861624eecb6e47495/transformed/annotations-13.0, and from all global synthetics files in 

> Task :app:processDebugResources
Caching disabled for task ':app:processDebugResources' because:
  Build cache is disabled
Task ':app:processDebugResources' is not up-to-date because:
  No history is available.
The input changes require a full rebuild for incremental task ':app:processDebugResources'.
Downloading https://dl.google.com/dl/android/maven2/com/android/tools/build/aapt2/8.7.0-12006047/aapt2-8.7.0-12006047.pom to /Users/tolu/.gradle/.tmp/gradle_download17330643763353094977bin
Downloading https://dl.google.com/dl/android/maven2/com/android/tools/build/aapt2/8.7.0-12006047/aapt2-8.7.0-12006047-osx.jar to /Users/tolu/.gradle/.tmp/gradle_download3147516610545045637bin
Caching disabled for Aapt2Extractor: /Users/tolu/.gradle/caches/modules-2/files-2.1/com.android.tools.build/aapt2/8.7.0-12006047/2be7d9bcc23ace01339c2bbc1a626de558c13355/aapt2-8.7.0-12006047-osx.jar because:
  Build cache is disabled
  Caching not enabled.

:app:validateSigningDebug (Thread[included builds,5,main]) started.

> Task :app:validateSigningDebug
Caching disabled for task ':app:validateSigningDebug' because:
  Build cache is disabled
  Caching has been disabled for the task
Task ':app:validateSigningDebug' is not up-to-date because:
  Task.upToDateWhen is false.
Creating default debug keystore at /Users/tolu/.android/debug.keystore
Resolve mutations for :app:writeDebugAppMetadata (Thread[included builds,5,main]) started.
:app:writeDebugAppMetadata (Thread[included builds,5,main]) started.

> Task :app:writeDebugAppMetadata
Caching disabled for task ':app:writeDebugAppMetadata' because:
  Build cache is disabled
  Caching has been disabled for the task
Task ':app:writeDebugAppMetadata' is not up-to-date because:
  No history is available.
Resolve mutations for :app:writeDebugSigningConfigVersions (Thread[included builds,5,main]) started.
:app:writeDebugSigningConfigVersions (Thread[included builds,5,main]) started.

> Task :app:writeDebugSigningConfigVersions
Caching disabled for task ':app:writeDebugSigningConfigVersions' because:
  Build cache is disabled
  Caching has been disabled for the task
Task ':app:writeDebugSigningConfigVersions' is not up-to-date because:
  No history is available.

> Task :app:processDebugResources
AAPT2 aapt2-8.7.0-12006047-osx Daemon #0: starting
Aapt output file /Users/tolu/Downloads/android-dpc/app/build/intermediates/linked_resources_binary_format/debug/processDebugResources/linked-resources-binary-format-debug.ap_
Resolve mutations for :app:compileDebugKotlin (Thread[Execution worker Thread 5,5,main]) started.
:app:compileDebugKotlin (Thread[Execution worker Thread 5,5,main]) started.

> Task :app:compileDebugKotlin
Caching disabled for BuildToolsApiClasspathEntrySnapshotTransform: /Users/tolu/Library/Android/platforms/android-35/android.jar because:
  Build cache is disabled
Caching disabled for BuildToolsApiClasspathEntrySnapshotTransform: /Users/tolu/.gradle/caches/modules-2/files-2.1/org.jetbrains/annotations/13.0/919f0dfe192fb4e063e7dacadee7f8bb9a2672a9/annotations-13.0.jar because:
  Build cache is disabled
Caching disabled for BuildToolsApiClasspathEntrySnapshotTransform: /Users/tolu/.gradle/caches/modules-2/files-2.1/org.jetbrains.kotlin/kotlin-stdlib/2.0.21/618b539767b4899b4660a83006e052b63f1db551/kotlin-stdlib-2.0.21.jar because:
  Build cache is disabled
Caching disabled for BuildToolsApiClasspathEntrySnapshotTransform: /Users/tolu/Downloads/android-dpc/app/build/intermediates/compile_and_runtime_not_namespaced_r_class_jar/debug/processDebugResources/R.jar because:
  Build cache is disabled
Caching disabled for BuildToolsApiClasspathEntrySnapshotTransform: /Users/tolu/Library/Android/build-tools/35.0.0/core-lambda-stubs.jar because:
  Build cache is disabled
Caching disabled for task ':app:compileDebugKotlin' because:
  Build cache is disabled
Task ':app:compileDebugKotlin' is not up-to-date because:
  No history is available.
The input changes require a full rebuild for incremental task ':app:compileDebugKotlin'.
file or directory '/Users/tolu/Downloads/android-dpc/app/src/debug/kotlin', not found
file or directory '/Users/tolu/Downloads/android-dpc/app/src/debug/java', not found
file or directory '/Users/tolu/Downloads/android-dpc/app/src/debug/kotlin', not found
file or directory '/Users/tolu/Downloads/android-dpc/app/src/debug/kotlin', not found
file or directory '/Users/tolu/Downloads/android-dpc/app/src/debug/java', not found
file or directory '/Users/tolu/Downloads/android-dpc/app/src/main/kotlin', not found
file or directory '/Users/tolu/Downloads/android-dpc/app/src/main/kotlin', not found
file or directory '/Users/tolu/Downloads/android-dpc/app/src/main/kotlin', not found
file or directory '/Users/tolu/Downloads/android-dpc/app/src/debug/java', not found
file or directory '/Users/tolu/Downloads/android-dpc/app/src/debug/kotlin', not found
file or directory '/Users/tolu/Downloads/android-dpc/app/src/debug/java', not found
file or directory '/Users/tolu/Downloads/android-dpc/app/src/debug/kotlin', not found
file or directory '/Users/tolu/Downloads/android-dpc/app/src/debug/kotlin', not found
file or directory '/Users/tolu/Downloads/android-dpc/app/src/debug/java', not found
file or directory '/Users/tolu/Downloads/android-dpc/app/src/main/kotlin', not found
file or directory '/Users/tolu/Downloads/android-dpc/app/src/debug/kotlin', not found
file or directory '/Users/tolu/Downloads/android-dpc/app/src/debug/java', not found
file or directory '/Users/tolu/Downloads/android-dpc/app/src/debug/kotlin', not found
file or directory '/Users/tolu/Downloads/android-dpc/app/src/debug/kotlin', not found
file or directory '/Users/tolu/Downloads/android-dpc/app/src/debug/java', not found
file or directory '/Users/tolu/Downloads/android-dpc/app/src/main/kotlin', not found
file or directory '/Users/tolu/Downloads/android-dpc/app/src/main/kotlin', not found
file or directory '/Users/tolu/Downloads/android-dpc/app/src/main/kotlin', not found
file or directory '/Users/tolu/Downloads/android-dpc/app/src/debug/java', not found
file or directory '/Users/tolu/Downloads/android-dpc/app/src/debug/kotlin', not found
file or directory '/Users/tolu/Downloads/android-dpc/app/src/debug/java', not found
file or directory '/Users/tolu/Downloads/android-dpc/app/src/debug/kotlin', not found
file or directory '/Users/tolu/Downloads/android-dpc/app/src/debug/kotlin', not found
file or directory '/Users/tolu/Downloads/android-dpc/app/src/debug/java', not found
file or directory '/Users/tolu/Downloads/android-dpc/app/src/main/kotlin', not found
file or directory '/Users/tolu/Downloads/android-dpc/app/src/main/kotlin', not found
file or directory '/Users/tolu/Downloads/android-dpc/app/src/main/kotlin', not found
file or directory '/Users/tolu/Downloads/android-dpc/app/src/debug/java', not found
file or directory '/Users/tolu/Downloads/android-dpc/app/src/debug/kotlin', not found
file or directory '/Users/tolu/Downloads/android-dpc/app/src/debug/java', not found
file or directory '/Users/tolu/Downloads/android-dpc/app/src/debug/kotlin', not found
file or directory '/Users/tolu/Downloads/android-dpc/app/src/debug/kotlin', not found
file or directory '/Users/tolu/Downloads/android-dpc/app/src/debug/java', not found
file or directory '/Users/tolu/Downloads/android-dpc/app/src/main/kotlin', not found
file or directory '/Users/tolu/Downloads/android-dpc/app/src/main/kotlin', not found
file or directory '/Users/tolu/Downloads/android-dpc/app/src/main/kotlin', not found
file or directory '/Users/tolu/Downloads/android-dpc/app/src/debug/java', not found
Kotlin source files: /Users/tolu/Downloads/android-dpc/app/src/main/java/com/tolu/dpc/SetupActivity.kt, /Users/tolu/Downloads/android-dpc/app/src/main/java/com/tolu/dpc/AdminReceiver.kt
Java source files: 
Script source files: 
Script file extensions: 
Using Kotlin/JVM incremental compilation
[KOTLIN] Kotlin compilation 'jdkHome' argument: null
i: starting the daemon as: /Library/Java/JavaVirtualMachines/zulu-17.jdk/Contents/Home/bin/java -cp /Users/tolu/.gradle/caches/modules-2/files-2.1/org.jetbrains.kotlin/kotlin-compiler-embeddable/2.0.21/79346ed53db48b18312a472602eb5c057070c54d/kotlin-compiler-embeddable-2.0.21.jar:/Users/tolu/.gradle/caches/modules-2/files-2.1/org.jetbrains.kotlin/kotlin-stdlib/2.0.21/618b539767b4899b4660a83006e052b63f1db551/kotlin-stdlib-2.0.21.jar:/Users/tolu/.gradle/caches/modules-2/files-2.1/org.jetbrains.kotlin/kotlin-script-runtime/2.0.21/c9b044380ad41f89aa89aa896c2d32a8c0b2129d/kotlin-script-runtime-2.0.21.jar:/Users/tolu/.gradle/caches/modules-2/files-2.1/org.jetbrains.kotlin/kotlin-reflect/1.6.10/1cbe9c92c12a94eea200d23c2bbaedaf3daf5132/kotlin-reflect-1.6.10.jar:/Users/tolu/.gradle/caches/modules-2/files-2.1/org.jetbrains.kotlin/kotlin-daemon-embeddable/2.0.21/c9e933b23287de9b5a17e2116b4657bb91aea72c/kotlin-daemon-embeddable-2.0.21.jar:/Users/tolu/.gradle/caches/modules-2/files-2.1/org.jetbrains.intellij.deps/trove4j/1.0.20200330/3afb14d5f9ceb459d724e907a21145e8ff394f02/trove4j-1.0.20200330.jar:/Users/tolu/.gradle/caches/modules-2/files-2.1/org.jetbrains.kotlinx/kotlinx-coroutines-core-jvm/1.6.4/2c997cd1c0ef33f3e751d3831929aeff1390cb30/kotlinx-coroutines-core-jvm-1.6.4.jar:/Users/tolu/.gradle/caches/modules-2/files-2.1/org.jetbrains/annotations/13.0/919f0dfe192fb4e063e7dacadee7f8bb9a2672a9/annotations-13.0.jar -Djava.awt.headless=true -Djava.rmi.server.hostname=127.0.0.1 -Xmx2048m -XX:ReservedCodeCacheSize=320m -Dkotlin.environment.keepalive -ea -XX:+UseCodeCacheFlushing -XX:+UseParallelGC --add-exports java.base/sun.nio.ch=ALL-UNNAMED org.jetbrains.kotlin.daemon.KotlinCompileDaemon --daemon-runFilesPath /Users/tolu/Library/Application Support/kotlin/daemon --daemon-autoshutdownIdleSeconds=7200 --daemon-compilerClasspath /Users/tolu/.gradle/caches/modules-2/files-2.1/org.jetbrains.kotlin/kotlin-compiler-embeddable/2.0.21/79346ed53db48b18312a472602eb5c057070c54d/kotlin-compiler-embeddable-2.0.21.jar:/Users/tolu/.gradle/caches/modules-2/files-2.1/org.jetbrains.kotlin/kotlin-stdlib/2.0.21/618b539767b4899b4660a83006e052b63f1db551/kotlin-stdlib-2.0.21.jar:/Users/tolu/.gradle/caches/modules-2/files-2.1/org.jetbrains.kotlin/kotlin-script-runtime/2.0.21/c9b044380ad41f89aa89aa896c2d32a8c0b2129d/kotlin-script-runtime-2.0.21.jar:/Users/tolu/.gradle/caches/modules-2/files-2.1/org.jetbrains.kotlin/kotlin-reflect/1.6.10/1cbe9c92c12a94eea200d23c2bbaedaf3daf5132/kotlin-reflect-1.6.10.jar:/Users/tolu/.gradle/caches/modules-2/files-2.1/org.jetbrains.kotlin/kotlin-daemon-embeddable/2.0.21/c9e933b23287de9b5a17e2116b4657bb91aea72c/kotlin-daemon-embeddable-2.0.21.jar:/Users/tolu/.gradle/caches/modules-2/files-2.1/org.jetbrains.intellij.deps/trove4j/1.0.20200330/3afb14d5f9ceb459d724e907a21145e8ff394f02/trove4j-1.0.20200330.jar:/Users/tolu/.gradle/caches/modules-2/files-2.1/org.jetbrains.kotlinx/kotlinx-coroutines-core-jvm/1.6.4/2c997cd1c0ef33f3e751d3831929aeff1390cb30/kotlinx-coroutines-core-jvm-1.6.4.jar:/Users/tolu/.gradle/caches/modules-2/files-2.1/org.jetbrains/annotations/13.0/919f0dfe192fb4e063e7dacadee7f8bb9a2672a9/annotations-13.0.jar
i: #1 retrying connecting to the daemon 
Options for KOTLIN DAEMON: IncrementalCompilationOptions(super=CompilationOptions(compilerMode=INCREMENTAL_COMPILER, targetPlatform=JVM, reportCategories=[0, 3], reportSeverity=2, requestedCompilationResults=[0], kotlinScriptExtensions=[]), areFileChangesKnown=false, modifiedFiles=null, deletedFiles=null, classpathChanges=NotAvailableForNonIncrementalRun, workingDir=/Users/tolu/Downloads/android-dpc/app/build/kotlin/compileDebugKotlin/cacheable, multiModuleICSettings=MultiModuleICSettings(buildHistoryFile=/Users/tolu/Downloads/android-dpc/app/build/kotlin/compileDebugKotlin/local-state/build-history.bin, useModuleDetection=true), usePreciseJavaTracking=true, icFeatures=IncrementalCompilationFeatures(withAbiSnapshot=false, preciseCompilationResultsBackup=true, keepIncrementalCompilationCachesInMemory=true, enableUnsafeIncrementalCompilationForMultiplatform=false), outputFiles=[/Users/tolu/Downloads/android-dpc/app/build/tmp/kotlin-classes/debug, /Users/tolu/Downloads/android-dpc/app/build/kotlin/compileDebugKotlin/cacheable, /Users/tolu/Downloads/android-dpc/app/build/kotlin/compileDebugKotlin/local-state])
Finished executing kotlin compiler using DAEMON strategy
Resolve mutations for :app:compileDebugJavaWithJavac (Thread[Execution worker Thread 5,5,main]) started.
:app:compileDebugJavaWithJavac (Thread[Execution worker Thread 5,5,main]) started.

> Task :app:compileDebugJavaWithJavac NO-SOURCE
Skipping task ':app:compileDebugJavaWithJavac' as it has no source files and no previous output files.
Resolve mutations for :app:processDebugJavaRes (Thread[Execution worker Thread 5,5,main]) started.
:app:processDebugJavaRes (Thread[Execution worker Thread 5,5,main]) started.

> Task :app:processDebugJavaRes
file or directory '/Users/tolu/Downloads/android-dpc/app/src/main/resources', not found
file or directory '/Users/tolu/Downloads/android-dpc/app/src/debug/resources', not found
file or directory '/Users/tolu/Downloads/android-dpc/app/src/main/resources', not found
file or directory '/Users/tolu/Downloads/android-dpc/app/src/debug/resources', not found
Caching disabled for task ':app:processDebugJavaRes' because:
  Build cache is disabled
  Caching has been disabled for the task
Task ':app:processDebugJavaRes' is not up-to-date because:
  No history is available.
file or directory '/Users/tolu/Downloads/android-dpc/app/src/main/resources', not found
file or directory '/Users/tolu/Downloads/android-dpc/app/src/debug/resources', not found
file or directory '/Users/tolu/Downloads/android-dpc/app/src/main/resources', not found
file or directory '/Users/tolu/Downloads/android-dpc/app/src/debug/resources', not found
Resolve mutations for :app:mergeDebugJavaResource (Thread[Execution worker Thread 5,5,main]) started.
:app:mergeDebugJavaResource (Thread[Execution worker Thread 5,5,main]) started.
Resolve mutations for :app:dexBuilderDebug (Thread[Execution worker Thread 3,5,main]) started.
:app:dexBuilderDebug (Thread[Execution worker Thread 3,5,main]) started.

> Task :app:dexBuilderDebug
Caching disabled for task ':app:dexBuilderDebug' because:
  Build cache is disabled
Task ':app:dexBuilderDebug' is not up-to-date because:
  No history is available.
The input changes require a full rebuild for incremental task ':app:dexBuilderDebug'.
Dex builder is incremental : false 
Processing input /Users/tolu/Downloads/android-dpc/app/build/tmp/kotlin-classes/debug
Dexing /Users/tolu/Downloads/android-dpc/app/build/tmp/kotlin-classes/debug
Processing input /Users/tolu/Downloads/android-dpc/app/build/intermediates/compile_and_runtime_not_namespaced_r_class_jar/debug/processDebugResources/R.jar
Dexing /Users/tolu/Downloads/android-dpc/app/build/intermediates/compile_and_runtime_not_namespaced_r_class_jar/debug/processDebugResources/R.jar
Dexing '/Users/tolu/Downloads/android-dpc/app/build/intermediates/compile_and_runtime_not_namespaced_r_class_jar/debug/processDebugResources/R.jar' to '/Users/tolu/Downloads/android-dpc/app/build/intermediates/project_dex_archive/debug/dexBuilderDebug/out/99387ba9fbeb67f3a1e7e76f3a991dfe34017191823a97d2dc523f8c8a8be9c7_1.jar'
Dexing '/Users/tolu/Downloads/android-dpc/app/build/intermediates/compile_and_runtime_not_namespaced_r_class_jar/debug/processDebugResources/R.jar' to '/Users/tolu/Downloads/android-dpc/app/build/intermediates/project_dex_archive/debug/dexBuilderDebug/out/99387ba9fbeb67f3a1e7e76f3a991dfe34017191823a97d2dc523f8c8a8be9c7_0.jar'
Dexing '/Users/tolu/Downloads/android-dpc/app/build/tmp/kotlin-classes/debug' to '/Users/tolu/Downloads/android-dpc/app/build/intermediates/project_dex_archive/debug/dexBuilderDebug/out'
Dexing '/Users/tolu/Downloads/android-dpc/app/build/tmp/kotlin-classes/debug' to '/Users/tolu/Downloads/android-dpc/app/build/intermediates/project_dex_archive/debug/dexBuilderDebug/out'
Dexing '/Users/tolu/Downloads/android-dpc/app/build/tmp/kotlin-classes/debug' to '/Users/tolu/Downloads/android-dpc/app/build/intermediates/project_dex_archive/debug/dexBuilderDebug/out'
Dexing '/Users/tolu/Downloads/android-dpc/app/build/tmp/kotlin-classes/debug' to '/Users/tolu/Downloads/android-dpc/app/build/intermediates/project_dex_archive/debug/dexBuilderDebug/out'
Dexing '/Users/tolu/Downloads/android-dpc/app/build/intermediates/compile_and_runtime_not_namespaced_r_class_jar/debug/processDebugResources/R.jar' to '/Users/tolu/Downloads/android-dpc/app/build/intermediates/project_dex_archive/debug/dexBuilderDebug/out/99387ba9fbeb67f3a1e7e76f3a991dfe34017191823a97d2dc523f8c8a8be9c7_2.jar'
Dexing '/Users/tolu/Downloads/android-dpc/app/build/intermediates/compile_and_runtime_not_namespaced_r_class_jar/debug/processDebugResources/R.jar' to '/Users/tolu/Downloads/android-dpc/app/build/intermediates/project_dex_archive/debug/dexBuilderDebug/out/99387ba9fbeb67f3a1e7e76f3a991dfe34017191823a97d2dc523f8c8a8be9c7_3.jar'
Done with all dex archive conversions
Resolve mutations for :app:mergeProjectDexDebug (Thread[Execution worker,5,main]) started.
:app:mergeProjectDexDebug (Thread[Execution worker,5,main]) started.

> Task :app:mergeProjectDexDebug
Caching disabled for task ':app:mergeProjectDexDebug' because:
  Build cache is disabled
Task ':app:mergeProjectDexDebug' is not up-to-date because:
  No history is available.
The input changes require a full rebuild for incremental task ':app:mergeProjectDexDebug'.
Merging to '/Users/tolu/Downloads/android-dpc/app/build/intermediates/dex/debug/mergeProjectDexDebug/0' with D8 from all or a subset of dex files in /Users/tolu/Downloads/android-dpc/app/build/intermediates/project_dex_archive/debug/dexBuilderDebug/out/99387ba9fbeb67f3a1e7e76f3a991dfe34017191823a97d2dc523f8c8a8be9c7_2.jar, and from all global synthetics files in 
Merging to '/Users/tolu/Downloads/android-dpc/app/build/intermediates/dex/debug/mergeProjectDexDebug/9' with D8 from all or a subset of dex files in /Users/tolu/Downloads/android-dpc/app/build/intermediates/project_dex_archive/debug/dexBuilderDebug/out, /Users/tolu/Downloads/android-dpc/app/build/intermediates/project_dex_archive/debug/dexBuilderDebug/out, and from all global synthetics files in 

> Task :app:mergeDebugJavaResource
Caching disabled for task ':app:mergeDebugJavaResource' because:
  Build cache is disabled
  Caching has been disabled for the task
Task ':app:mergeDebugJavaResource' is not up-to-date because:
  No history is available.
The input changes require a full rebuild for incremental task ':app:mergeDebugJavaResource'.
Resolve mutations for :app:packageDebug (Thread[Execution worker Thread 5,5,main]) started.
:app:packageDebug (Thread[Execution worker Thread 5,5,main]) started.

> Task :app:packageDebug
Custom actions are attached to task ':app:packageDebug'.
Caching disabled for task ':app:packageDebug' because:
  Build cache is disabled
  Caching has been disabled for the task
Task ':app:packageDebug' is not up-to-date because:
  No history is available.
The input changes require a full rebuild for incremental task ':app:packageDebug'.
Resolve mutations for :app:createDebugApkListingFileRedirect (Thread[Execution worker Thread 5,5,main]) started.
:app:createDebugApkListingFileRedirect (Thread[Execution worker Thread 5,5,main]) started.

> Task :app:createDebugApkListingFileRedirect
Caching disabled for task ':app:createDebugApkListingFileRedirect' because:
  Build cache is disabled
  Caching has been disabled for the task
Task ':app:createDebugApkListingFileRedirect' is not up-to-date because:
  No history is available.
Resolve mutations for :app:assembleDebug (Thread[Execution worker Thread 5,5,main]) started.
:app:assembleDebug (Thread[Execution worker Thread 5,5,main]) started.

> Task :app:assembleDebug
Skipping task ':app:assembleDebug' as it has no actions.
AAPT2 aapt2-8.7.0-12006047-osx Daemon #0: shutdown

[Incubating] Problems report is available at: file:///Users/tolu/Downloads/android-dpc/build/reports/problems/problems-report.html

Deprecated Gradle features were used in this build, making it incompatible with Gradle 9.0.

You can use '--warning-mode all' to show the individual deprecation warnings and determine if they come from your own scripts or plugins.

For more on this, please refer to https://docs.gradle.org/8.14.3/userguide/command_line_interface.html#sec:command_line_warnings in the Gradle documentation.

BUILD SUCCESSFUL in 2m 1s
32 actionable tasks: 32 executed
Watched directory hierarchies: [/Users/tolu/Downloads/android-dpc]
dependencies-accessors (/Users/tolu/.gradle/caches/8.14.3/dependencies-accessors) removing files not accessed on or after Mon Jun 15 00:32:54 WAT 2026.
dependencies-accessors (/Users/tolu/.gradle/caches/8.14.3/dependencies-accessors) cleanup deleted 0 files/directories.
dependencies-accessors (/Users/tolu/.gradle/caches/8.14.3/dependencies-accessors) cleaned up in 0.006 secs.
